{
"meta":{"test_sets":[],"test_metrics":[],"learn_metrics":[{"best_value":"Min","name":"RMSE"}],"launch_mode":"Train","parameters":"","iteration_count":1000,"learn_sets":["learn"],"name":"experiment"},
"iterations":[
{"learn":[75842.37125],"iteration":0,"passed_time":0.05281888323,"remaining_time":52.76606435},
{"learn":[74034.28161],"iteration":1,"passed_time":0.05815772441,"remaining_time":29.02070448},
{"learn":[72256.40634],"iteration":2,"passed_time":0.06378810526,"remaining_time":21.19891365},
{"learn":[70649.92866],"iteration":3,"passed_time":0.06905139859,"remaining_time":17.19379825},
{"learn":[69214.63019],"iteration":4,"passed_time":0.07385205815,"remaining_time":14.69655957},
{"learn":[67773.2318],"iteration":5,"passed_time":0.07877983956,"remaining_time":13.05119342},
{"learn":[66435.07048],"iteration":6,"passed_time":0.08361392104,"remaining_time":11.86123194},
{"learn":[65078.06063],"iteration":7,"passed_time":0.08910377382,"remaining_time":11.04886795},
{"learn":[63581.45074],"iteration":8,"passed_time":0.09412171064,"remaining_time":10.36384614},
{"learn":[62171.03621],"iteration":9,"passed_time":0.09903216587,"remaining_time":9.804184421},
{"learn":[60884.65175],"iteration":10,"passed_time":0.1043865437,"remaining_time":9.385299248},
{"learn":[59773.74664],"iteration":11,"passed_time":0.1098396705,"remaining_time":9.043466205},
{"learn":[58590.2092],"iteration":12,"passed_time":0.114835268,"remaining_time":8.718646887},
{"learn":[57497.32585],"iteration":13,"passed_time":0.1195870654,"remaining_time":8.422346175},
{"learn":[56505.30627],"iteration":14,"passed_time":0.1244338299,"remaining_time":8.17115483},
{"learn":[55506.33507],"iteration":15,"passed_time":0.1291484017,"remaining_time":7.942626706},
{"learn":[54462.66559],"iteration":16,"passed_time":0.1341589154,"remaining_time":7.757541993},
{"learn":[53423.25315],"iteration":17,"passed_time":0.1389810475,"remaining_time":7.582188258},
{"learn":[52499.89095],"iteration":18,"passed_time":0.1439690346,"remaining_time":7.433348578},
{"learn":[51615.87101],"iteration":19,"passed_time":0.1487027926,"remaining_time":7.286436839},
{"learn":[50703.65066],"iteration":20,"passed_time":0.1536684932,"remaining_time":7.163878802},
{"learn":[49876.24101],"iteration":21,"passed_time":0.1587263119,"remaining_time":7.056106046},
{"learn":[49027.43481],"iteration":22,"passed_time":0.1643154936,"remaining_time":6.979836402},
{"learn":[48143.19993],"iteration":23,"passed_time":0.169477393,"remaining_time":6.892080649},
{"learn":[47437.52275],"iteration":24,"passed_time":0.1745530783,"remaining_time":6.807570054},
{"learn":[46705.37111],"iteration":25,"passed_time":0.1795161848,"remaining_time":6.724952461},
{"learn":[45963.00412],"iteration":26,"passed_time":0.185142697,"remaining_time":6.671994231},
{"learn":[45283.88782],"iteration":27,"passed_time":0.1899864366,"remaining_time":6.595243442},
{"learn":[44553.5519],"iteration":28,"passed_time":0.1954783103,"remaining_time":6.545153078},
{"learn":[43886.54045],"iteration":29,"passed_time":0.2014715937,"remaining_time":6.514248195},
{"learn":[43218.89729],"iteration":30,"passed_time":0.2066246991,"remaining_time":6.458688174},
{"learn":[42566.10397],"iteration":31,"passed_time":0.2123234178,"remaining_time":6.422783389},
{"learn":[41921.48889],"iteration":32,"passed_time":0.2174247883,"remaining_time":6.371205161},
{"learn":[41424.12041],"iteration":33,"passed_time":0.2225772687,"remaining_time":6.323812988},
{"learn":[40846.2782],"iteration":34,"passed_time":0.2274307,"remaining_time":6.2705893},
{"learn":[40407.74831],"iteration":35,"passed_time":0.2322997125,"remaining_time":6.220470079},
{"learn":[39895.97995],"iteration":36,"passed_time":0.2374130529,"remaining_time":6.179155943},
{"learn":[39433.61813],"iteration":37,"passed_time":0.2427005373,"remaining_time":6.144155708},
{"learn":[38873.21329],"iteration":38,"passed_time":0.247820684,"remaining_time":6.106555828},
{"learn":[38377.24986],"iteration":39,"passed_time":0.2526253139,"remaining_time":6.063007535},
{"learn":[37885.99614],"iteration":40,"passed_time":0.2576564188,"remaining_time":6.026646479},
{"learn":[37409.90005],"iteration":41,"passed_time":0.2624133097,"remaining_time":5.985522636},
{"learn":[36967.85943],"iteration":42,"passed_time":0.2672698623,"remaining_time":5.948308332},
{"learn":[36551.53617],"iteration":43,"passed_time":0.2721786458,"remaining_time":5.913699667},
{"learn":[36229.4061],"iteration":44,"passed_time":0.277000976,"remaining_time":5.878576269},
{"learn":[35790.11563],"iteration":45,"passed_time":0.2821431588,"remaining_time":5.851403772},
{"learn":[35357.64825],"iteration":46,"passed_time":0.2870460418,"remaining_time":5.82031655},
{"learn":[34989.25662],"iteration":47,"passed_time":0.2920912352,"remaining_time":5.793142831},
{"learn":[34655.74559],"iteration":48,"passed_time":0.2968472389,"remaining_time":5.761259677},
{"learn":[34237.65749],"iteration":49,"passed_time":0.3016354817,"remaining_time":5.731074153},
{"learn":[33925.5351],"iteration":50,"passed_time":0.3063621425,"remaining_time":5.700738691},
{"learn":[33598.67976],"iteration":51,"passed_time":0.3113009811,"remaining_time":5.675256348},
{"learn":[33234.40258],"iteration":52,"passed_time":0.316624712,"remaining_time":5.657426457},
{"learn":[32905.54084],"iteration":53,"passed_time":0.3222888834,"remaining_time":5.646023772},
{"learn":[32579.33027],"iteration":54,"passed_time":0.3270787194,"remaining_time":5.619807088},
{"learn":[32309.12799],"iteration":55,"passed_time":0.3326800392,"remaining_time":5.608034946},
{"learn":[31999.83139],"iteration":56,"passed_time":0.3382667946,"remaining_time":5.596238374},
{"learn":[31620.80854],"iteration":57,"passed_time":0.3434053115,"remaining_time":5.577375921},
{"learn":[31445.73509],"iteration":58,"passed_time":0.3486764216,"remaining_time":5.561093436},
{"learn":[31130.45322],"iteration":59,"passed_time":0.3535500217,"remaining_time":5.538950341},
{"learn":[30828.67432],"iteration":60,"passed_time":0.3583379014,"remaining_time":5.516053925},
{"learn":[30568.73168],"iteration":61,"passed_time":0.3632479276,"remaining_time":5.495589614},
{"learn":[30305.29503],"iteration":62,"passed_time":0.3683989421,"remaining_time":5.479203313},
{"learn":[30078.19854],"iteration":63,"passed_time":0.3742749176,"remaining_time":5.47377067},
{"learn":[29876.63445],"iteration":64,"passed_time":0.3814859923,"remaining_time":5.487529274},
{"learn":[29628.66387],"iteration":65,"passed_time":0.3892151879,"remaining_time":5.507984629},
{"learn":[29361.25074],"iteration":66,"passed_time":0.3952164867,"remaining_time":5.503537046},
{"learn":[29099.63922],"iteration":67,"passed_time":0.4000968309,"remaining_time":5.483680094},
{"learn":[28910.68388],"iteration":68,"passed_time":0.4050444062,"remaining_time":5.465164379},
{"learn":[28782.97065],"iteration":69,"passed_time":0.4097797573,"remaining_time":5.444216776},
{"learn":[28598.63831],"iteration":70,"passed_time":0.414681929,"remaining_time":5.42590862},
{"learn":[28336.84817],"iteration":71,"passed_time":0.4197763764,"remaining_time":5.410451073},
{"learn":[28147.97851],"iteration":72,"passed_time":0.4247477223,"remaining_time":5.393714227},
{"learn":[27923.72911],"iteration":73,"passed_time":0.429448092,"remaining_time":5.373904503},
{"learn":[27705.91368],"iteration":74,"passed_time":0.4343415288,"remaining_time":5.356878855},
{"learn":[27556.16039],"iteration":75,"passed_time":0.4394196277,"remaining_time":5.342417579},
{"learn":[27388.0099],"iteration":76,"passed_time":0.4441279614,"remaining_time":5.323767642},
{"learn":[27237.87205],"iteration":77,"passed_time":0.4489317432,"remaining_time":5.306603426},
{"learn":[27156.79652],"iteration":78,"passed_time":0.4543992317,"remaining_time":5.297489777},
{"learn":[26955.78959],"iteration":79,"passed_time":0.4600227163,"remaining_time":5.290261237},
{"learn":[26923.54671],"iteration":80,"passed_time":0.4654402507,"remaining_time":5.280735684},
{"learn":[26742.38096],"iteration":81,"passed_time":0.4702917597,"remaining_time":5.264973603},
{"learn":[26603.71924],"iteration":82,"passed_time":0.4750907102,"remaining_time":5.24889375},
{"learn":[26391.38632],"iteration":83,"passed_time":0.4798279427,"remaining_time":5.232409471},
{"learn":[26246.68412],"iteration":84,"passed_time":0.4845540185,"remaining_time":5.216081493},
{"learn":[26105.06202],"iteration":85,"passed_time":0.489296815,"remaining_time":5.200201034},
{"learn":[25979.17537],"iteration":86,"passed_time":0.4941034055,"remaining_time":5.185246083},
{"learn":[25837.95407],"iteration":87,"passed_time":0.4989186121,"remaining_time":5.170611071},
{"learn":[25691.21444],"iteration":88,"passed_time":0.5038840663,"remaining_time":5.157734656},
{"learn":[25614.70748],"iteration":89,"passed_time":0.5096115652,"remaining_time":5.15273916},
{"learn":[25472.90999],"iteration":90,"passed_time":0.514849587,"remaining_time":5.142838183},
{"learn":[25361.32697],"iteration":91,"passed_time":0.5197385734,"remaining_time":5.129593746},
{"learn":[25248.15788],"iteration":92,"passed_time":0.5247112061,"remaining_time":5.117344774},
{"learn":[25137.53898],"iteration":93,"passed_time":0.5293442047,"remaining_time":5.101977122},
{"learn":[24986.58013],"iteration":94,"passed_time":0.5341097506,"remaining_time":5.08809815},
{"learn":[24839.75455],"iteration":95,"passed_time":0.5387284484,"remaining_time":5.073026223},
{"learn":[24692.01683],"iteration":96,"passed_time":0.5434063456,"remaining_time":5.058720929},
{"learn":[24568.75416],"iteration":97,"passed_time":0.5482207196,"remaining_time":5.045868256},
{"learn":[24466.00819],"iteration":98,"passed_time":0.5534107901,"remaining_time":5.03659719},
{"learn":[24367.64143],"iteration":99,"passed_time":0.5586823197,"remaining_time":5.028140877},
{"learn":[24221.19439],"iteration":100,"passed_time":0.5633760481,"remaining_time":5.014604626},
{"learn":[24090.71718],"iteration":101,"passed_time":0.5683889913,"remaining_time":5.0040521},
{"learn":[24018.13029],"iteration":102,"passed_time":0.5736763699,"remaining_time":4.995997124},
{"learn":[23935.85644],"iteration":103,"passed_time":0.579477848,"remaining_time":4.992424537},
{"learn":[23871.65545],"iteration":104,"passed_time":0.5843339647,"remaining_time":4.980751413},
{"learn":[23732.97302],"iteration":105,"passed_time":0.5892673633,"remaining_time":4.969858706},
{"learn":[23669.68706],"iteration":106,"passed_time":0.5939827842,"remaining_time":4.95725819},
{"learn":[23560.29747],"iteration":107,"passed_time":0.5986839976,"remaining_time":4.94468635},
{"learn":[23484.35682],"iteration":108,"passed_time":0.6034147088,"remaining_time":4.932500051},
{"learn":[23369.02161],"iteration":109,"passed_time":0.6079737241,"remaining_time":4.919060131},
{"learn":[23294.92332],"iteration":110,"passed_time":0.6125171177,"remaining_time":4.905655114},
{"learn":[23195.1308],"iteration":111,"passed_time":0.6170454456,"remaining_time":4.89228889},
{"learn":[23180.31111],"iteration":112,"passed_time":0.6217993406,"remaining_time":4.880849691},
{"learn":[23095.12281],"iteration":113,"passed_time":0.6267841882,"remaining_time":4.871322726},
{"learn":[22980.16212],"iteration":114,"passed_time":0.631715311,"remaining_time":4.861461306},
{"learn":[22894.37965],"iteration":115,"passed_time":0.6365707577,"remaining_time":4.851108188},
{"learn":[22808.63469],"iteration":116,"passed_time":0.6414098082,"remaining_time":4.840725305},
{"learn":[22765.1467],"iteration":117,"passed_time":0.6461740845,"remaining_time":4.829877479},
{"learn":[22674.97988],"iteration":118,"passed_time":0.6509194847,"remaining_time":4.818992151},
{"learn":[22561.6497],"iteration":119,"passed_time":0.6556679811,"remaining_time":4.808231862},
{"learn":[22494.22333],"iteration":120,"passed_time":0.6605957635,"remaining_time":4.798873356},
{"learn":[22415.01877],"iteration":121,"passed_time":0.6651448861,"remaining_time":4.786862377},
{"learn":[22342.88953],"iteration":122,"passed_time":0.6697401901,"remaining_time":4.775302006},
{"learn":[22251.58842],"iteration":123,"passed_time":0.6744963701,"remaining_time":4.764990486},
{"learn":[22163.13335],"iteration":124,"passed_time":0.679161022,"remaining_time":4.754127154},
{"learn":[22075.79293],"iteration":125,"passed_time":0.6841656794,"remaining_time":4.745720665},
{"learn":[21989.57656],"iteration":126,"passed_time":0.6890920736,"remaining_time":4.736829766},
{"learn":[21945.2847],"iteration":127,"passed_time":0.6940907374,"remaining_time":4.728493149},
{"learn":[21858.43243],"iteration":128,"passed_time":0.6990321187,"remaining_time":4.719821515},
{"learn":[21797.00282],"iteration":129,"passed_time":0.7038168334,"remaining_time":4.710158808},
{"learn":[21733.27134],"iteration":130,"passed_time":0.7087631746,"remaining_time":4.701642739},
{"learn":[21643.08927],"iteration":131,"passed_time":0.7136146441,"remaining_time":4.692556902},
{"learn":[21541.30604],"iteration":132,"passed_time":0.718314177,"remaining_time":4.682544297},
{"learn":[21465.38003],"iteration":133,"passed_time":0.7230009551,"remaining_time":4.67252856},
{"learn":[21406.54414],"iteration":134,"passed_time":0.7276934976,"remaining_time":4.662628707},
{"learn":[21340.13829],"iteration":135,"passed_time":0.732846748,"remaining_time":4.655732281},
{"learn":[21291.86627],"iteration":136,"passed_time":0.7376099061,"remaining_time":4.646404007},
{"learn":[21225.10479],"iteration":137,"passed_time":0.7422003888,"remaining_time":4.636063298},
{"learn":[21133.98963],"iteration":138,"passed_time":0.7470263008,"remaining_time":4.627263633},
{"learn":[21036.57308],"iteration":139,"passed_time":0.7521912547,"remaining_time":4.620603422},
{"learn":[20963.45805],"iteration":140,"passed_time":0.7571927726,"remaining_time":4.612968735},
{"learn":[20876.84956],"iteration":141,"passed_time":0.7623175347,"remaining_time":4.606115808},
{"learn":[20817.40165],"iteration":142,"passed_time":0.7676629635,"remaining_time":4.600609509},
{"learn":[20725.92357],"iteration":143,"passed_time":0.7728999362,"remaining_time":4.594460732},
{"learn":[20679.27301],"iteration":144,"passed_time":0.7781243073,"remaining_time":4.588250226},
{"learn":[20616.48501],"iteration":145,"passed_time":0.78301578,"remaining_time":4.580106001},
{"learn":[20562.80331],"iteration":146,"passed_time":0.7879632175,"remaining_time":4.572330779},
{"learn":[20534.70361],"iteration":147,"passed_time":0.7927997122,"remaining_time":4.5639551},
{"learn":[20473.78358],"iteration":148,"passed_time":0.7977527219,"remaining_time":4.556292392},
{"learn":[20433.78014],"iteration":149,"passed_time":0.8029274985,"remaining_time":4.549922491},
{"learn":[20423.59774],"iteration":150,"passed_time":0.8082582475,"remaining_time":4.544445378},
{"learn":[20336.12106],"iteration":151,"passed_time":0.8133721606,"remaining_time":4.537760475},
{"learn":[20269.10399],"iteration":152,"passed_time":0.818687767,"remaining_time":4.532212671},
{"learn":[20219.29707],"iteration":153,"passed_time":0.8235778242,"remaining_time":4.524330125},
{"learn":[20161.94413],"iteration":154,"passed_time":0.8281253896,"remaining_time":4.51461906},
{"learn":[20112.16494],"iteration":155,"passed_time":0.8328473841,"remaining_time":4.505917899},
{"learn":[20064.95993],"iteration":156,"passed_time":0.8376992563,"remaining_time":4.497964797},
{"learn":[20038.73472],"iteration":157,"passed_time":0.8427365611,"remaining_time":4.491039142},
{"learn":[19979.87332],"iteration":158,"passed_time":0.8475108269,"remaining_time":4.482745946},
{"learn":[19968.67816],"iteration":159,"passed_time":0.8521258011,"remaining_time":4.473660456},
{"learn":[19899.07395],"iteration":160,"passed_time":0.8567552738,"remaining_time":4.464706054},
{"learn":[19837.30913],"iteration":161,"passed_time":0.8617053096,"remaining_time":4.457463268},
{"learn":[19752.12591],"iteration":162,"passed_time":0.8665180676,"remaining_time":4.449543697},
{"learn":[19694.83654],"iteration":163,"passed_time":0.8715682328,"remaining_time":4.442872211},
{"learn":[19638.85183],"iteration":164,"passed_time":0.8763919057,"remaining_time":4.435074189},
{"learn":[19590.03324],"iteration":165,"passed_time":0.881082311,"remaining_time":4.426642454},
{"learn":[19527.71011],"iteration":166,"passed_time":0.8858228775,"remaining_time":4.41850573},
{"learn":[19489.93582],"iteration":167,"passed_time":0.8909148758,"remaining_time":4.412149861},
{"learn":[19423.79452],"iteration":168,"passed_time":0.8962919116,"remaining_time":4.407210524},
{"learn":[19369.23884],"iteration":169,"passed_time":0.9011994819,"remaining_time":4.399973941},
{"learn":[19317.06412],"iteration":170,"passed_time":0.9061116466,"remaining_time":4.392786872},
{"learn":[19273.11109],"iteration":171,"passed_time":0.9109393668,"remaining_time":4.385219743},
{"learn":[19243.68426],"iteration":172,"passed_time":0.9155923752,"remaining_time":4.3768491},
{"learn":[19172.95921],"iteration":173,"passed_time":0.920254154,"remaining_time":4.368562823},
{"learn":[19158.11462],"iteration":174,"passed_time":0.9248954343,"remaining_time":4.360221333},
{"learn":[19119.1582],"iteration":175,"passed_time":0.9295231634,"remaining_time":4.351858447},
{"learn":[19076.95238],"iteration":176,"passed_time":0.934351339,"remaining_time":4.344469785},
{"learn":[19056.00917],"iteration":177,"passed_time":0.9391064009,"remaining_time":4.336772256},
{"learn":[18995.07939],"iteration":178,"passed_time":0.9438652368,"remaining_time":4.329124913},
{"learn":[18943.27064],"iteration":179,"passed_time":0.9485182674,"remaining_time":4.321027663},
{"learn":[18881.94991],"iteration":180,"passed_time":0.9531811948,"remaining_time":4.313013252},
{"learn":[18870.55525],"iteration":181,"passed_time":0.9578534885,"remaining_time":4.305077767},
{"learn":[18804.90804],"iteration":182,"passed_time":0.9629170098,"remaining_time":4.298924574},
{"learn":[18781.33172],"iteration":183,"passed_time":0.9678709596,"remaining_time":4.292297299},
{"learn":[18721.48146],"iteration":184,"passed_time":0.972692088,"remaining_time":4.285102982},
{"learn":[18678.79282],"iteration":185,"passed_time":0.977514726,"remaining_time":4.27794079},
{"learn":[18611.70256],"iteration":186,"passed_time":0.9824516446,"remaining_time":4.271300465},
{"learn":[18584.77322],"iteration":187,"passed_time":0.9876197503,"remaining_time":4.265676794},
{"learn":[18544.71345],"iteration":188,"passed_time":0.9923318694,"remaining_time":4.258101302},
{"learn":[18487.27861],"iteration":189,"passed_time":0.9971875779,"remaining_time":4.251168095},
{"learn":[18469.39618],"iteration":190,"passed_time":1.001851938,"remaining_time":4.243446167},
{"learn":[18426.26707],"iteration":191,"passed_time":1.006679667,"remaining_time":4.2364436},
{"learn":[18386.06669],"iteration":192,"passed_time":1.011336219,"remaining_time":4.228747818},
{"learn":[18339.14235],"iteration":193,"passed_time":1.016090595,"remaining_time":4.221489793},
{"learn":[18322.33175],"iteration":194,"passed_time":1.018451238,"remaining_time":4.204375624},
{"learn":[18295.13679],"iteration":195,"passed_time":1.023201391,"remaining_time":4.197213867},
{"learn":[18242.92414],"iteration":196,"passed_time":1.027941927,"remaining_time":4.190037398},
{"learn":[18198.66412],"iteration":197,"passed_time":1.032657984,"remaining_time":4.182786379},
{"learn":[18147.14687],"iteration":198,"passed_time":1.037469034,"remaining_time":4.175943198},
{"learn":[18126.6837],"iteration":199,"passed_time":1.04257123,"remaining_time":4.170284919},
{"learn":[18097.52594],"iteration":200,"passed_time":1.045988147,"remaining_time":4.157932982},
{"learn":[18059.367],"iteration":201,"passed_time":1.050848761,"remaining_time":4.151372828},
{"learn":[17983.68276],"iteration":202,"passed_time":1.056143718,"remaining_time":4.146534698},
{"learn":[17932.74115],"iteration":203,"passed_time":1.061251373,"remaining_time":4.140961238},
{"learn":[17916.20164],"iteration":204,"passed_time":1.066163065,"remaining_time":4.134632372},
{"learn":[17876.95747],"iteration":205,"passed_time":1.07102952,"remaining_time":4.128142906},
{"learn":[17862.97441],"iteration":206,"passed_time":1.075863806,"remaining_time":4.121545884},
{"learn":[17823.30211],"iteration":207,"passed_time":1.080664112,"remaining_time":4.114836427},
{"learn":[17763.50997],"iteration":208,"passed_time":1.085743163,"remaining_time":4.109200202},
{"learn":[17750.71856],"iteration":209,"passed_time":1.090543029,"remaining_time":4.102519013},
{"learn":[17711.05334],"iteration":210,"passed_time":1.095197616,"remaining_time":4.095312412},
{"learn":[17666.46625],"iteration":211,"passed_time":1.099925423,"remaining_time":4.088402046},
{"learn":[17642.08094],"iteration":212,"passed_time":1.104957708,"remaining_time":4.082637167},
{"learn":[17601.5003],"iteration":213,"passed_time":1.109628717,"remaining_time":4.075552205},
{"learn":[17554.09229],"iteration":214,"passed_time":1.114322459,"remaining_time":4.068572698},
{"learn":[17524.84051],"iteration":215,"passed_time":1.118930449,"remaining_time":4.061303112},
{"learn":[17491.01342],"iteration":216,"passed_time":1.123618801,"remaining_time":4.054348025},
{"learn":[17431.79167],"iteration":217,"passed_time":1.128588089,"remaining_time":4.048421493},
{"learn":[17374.99503],"iteration":218,"passed_time":1.134709204,"remaining_time":4.046611364},
{"learn":[17337.61949],"iteration":219,"passed_time":1.140072668,"remaining_time":4.042075823},
{"learn":[17301.33679],"iteration":220,"passed_time":1.144928573,"remaining_time":4.035743703},
{"learn":[17248.68155],"iteration":221,"passed_time":1.14974158,"remaining_time":4.029274546},
{"learn":[17203.10445],"iteration":222,"passed_time":1.154540732,"remaining_time":4.022771967},
{"learn":[17165.01227],"iteration":223,"passed_time":1.159631951,"remaining_time":4.017296401},
{"learn":[17107.64338],"iteration":224,"passed_time":1.164420834,"remaining_time":4.010782873},
{"learn":[17055.90633],"iteration":225,"passed_time":1.169266318,"remaining_time":4.004478451},
{"learn":[17016.09017],"iteration":226,"passed_time":1.174081567,"remaining_time":3.998083925},
{"learn":[16963.10486],"iteration":227,"passed_time":1.178808897,"remaining_time":3.991405565},
{"learn":[16918.63178],"iteration":228,"passed_time":1.183608429,"remaining_time":3.98498733},
{"learn":[16878.02787],"iteration":229,"passed_time":1.188485727,"remaining_time":3.978843521},
{"learn":[16847.08965],"iteration":230,"passed_time":1.193530162,"remaining_time":3.973267076},
{"learn":[16804.53067],"iteration":231,"passed_time":1.198340365,"remaining_time":3.96691983},
{"learn":[16755.20215],"iteration":232,"passed_time":1.203777209,"remaining_time":3.96264858},
{"learn":[16722.57924],"iteration":233,"passed_time":1.208774607,"remaining_time":3.956928842},
{"learn":[16685.53843],"iteration":234,"passed_time":1.213345447,"remaining_time":3.949826667},
{"learn":[16647.26942],"iteration":235,"passed_time":1.21801352,"remaining_time":3.943060716},
{"learn":[16620.82334],"iteration":236,"passed_time":1.222621468,"remaining_time":3.936118902},
{"learn":[16581.52047],"iteration":237,"passed_time":1.227798563,"remaining_time":3.931018928},
{"learn":[16560.70785],"iteration":238,"passed_time":1.233236717,"remaining_time":3.926749546},
{"learn":[16530.27224],"iteration":239,"passed_time":1.238511217,"remaining_time":3.921952186},
{"learn":[16501.92142],"iteration":240,"passed_time":1.243604873,"remaining_time":3.916581322},
{"learn":[16479.46604],"iteration":241,"passed_time":1.248416058,"remaining_time":3.910327984},
{"learn":[16446.00323],"iteration":242,"passed_time":1.253570483,"remaining_time":3.905155784},
{"learn":[16415.5615],"iteration":243,"passed_time":1.258629218,"remaining_time":3.899687249},
{"learn":[16372.94983],"iteration":244,"passed_time":1.263578564,"remaining_time":3.893884963},
{"learn":[16319.63121],"iteration":245,"passed_time":1.268460459,"remaining_time":3.887882871},
{"learn":[16265.31948],"iteration":246,"passed_time":1.273346219,"remaining_time":3.88190163},
{"learn":[16225.06134],"iteration":247,"passed_time":1.278131093,"remaining_time":3.875623316},
{"learn":[16202.83379],"iteration":248,"passed_time":1.289629159,"remaining_time":3.88960441},
{"learn":[16173.83032],"iteration":249,"passed_time":1.297363265,"remaining_time":3.892089795},
{"learn":[16132.0987],"iteration":250,"passed_time":1.303454637,"remaining_time":3.889591725},
{"learn":[16096.35508],"iteration":251,"passed_time":1.308432529,"remaining_time":3.883760047},
{"learn":[16068.64191],"iteration":252,"passed_time":1.31333758,"remaining_time":3.877720048},
{"learn":[16031.43134],"iteration":253,"passed_time":1.318149753,"remaining_time":3.871416205},
{"learn":[15991.536],"iteration":254,"passed_time":1.323092843,"remaining_time":3.865506542},
{"learn":[15953.79828],"iteration":255,"passed_time":1.328304008,"remaining_time":3.860383522},
{"learn":[15925.59482],"iteration":256,"passed_time":1.33320825,"remaining_time":3.85437249},
{"learn":[15919.06919],"iteration":257,"passed_time":1.337961612,"remaining_time":3.847936109},
{"learn":[15911.75732],"iteration":258,"passed_time":1.342571408,"remaining_time":3.841101981},
{"learn":[15887.07346],"iteration":259,"passed_time":1.347404737,"remaining_time":3.834921176},
{"learn":[15879.92632],"iteration":260,"passed_time":1.352658056,"remaining_time":3.829939861},
{"learn":[15840.11898],"iteration":261,"passed_time":1.358166841,"remaining_time":3.825676063},
{"learn":[15801.29116],"iteration":262,"passed_time":1.363154022,"remaining_time":3.819941118},
{"learn":[15769.84532],"iteration":263,"passed_time":1.368688623,"remaining_time":3.81573798},
{"learn":[15732.11921],"iteration":264,"passed_time":1.373691081,"remaining_time":3.810048847},
{"learn":[15725.11901],"iteration":265,"passed_time":1.378570838,"remaining_time":3.804026298},
{"learn":[15708.74368],"iteration":266,"passed_time":1.383413688,"remaining_time":3.797910987},
{"learn":[15673.55065],"iteration":267,"passed_time":1.388530515,"remaining_time":3.792553497},
{"learn":[15647.68958],"iteration":268,"passed_time":1.393865838,"remaining_time":3.787791553},
{"learn":[15611.21346],"iteration":269,"passed_time":1.399534717,"remaining_time":3.783927198},
{"learn":[15572.87534],"iteration":270,"passed_time":1.404583094,"remaining_time":3.778380352},
{"learn":[15539.11122],"iteration":271,"passed_time":1.409458628,"remaining_time":3.772374562},
{"learn":[15498.91711],"iteration":272,"passed_time":1.414156617,"remaining_time":3.765904252},
{"learn":[15475.22726],"iteration":273,"passed_time":1.41883287,"remaining_time":3.759389282},
{"learn":[15460.81458],"iteration":274,"passed_time":1.42399594,"remaining_time":3.754171116},
{"learn":[15432.20494],"iteration":275,"passed_time":1.429206139,"remaining_time":3.749076973},
{"learn":[15425.5661],"iteration":276,"passed_time":1.434262291,"remaining_time":3.743579915},
{"learn":[15395.87326],"iteration":277,"passed_time":1.43897074,"remaining_time":3.737183001},
{"learn":[15351.23097],"iteration":278,"passed_time":1.443663502,"remaining_time":3.730757651},
{"learn":[15323.7689],"iteration":279,"passed_time":1.44827593,"remaining_time":3.724138107},
{"learn":[15317.45208],"iteration":280,"passed_time":1.453028204,"remaining_time":3.717890673},
{"learn":[15286.65465],"iteration":281,"passed_time":1.458078812,"remaining_time":3.71241343},
{"learn":[15248.6042],"iteration":282,"passed_time":1.462749989,"remaining_time":3.705977887},
{"learn":[15228.83588],"iteration":283,"passed_time":1.467347575,"remaining_time":3.699369238},
{"learn":[15195.10292],"iteration":284,"passed_time":1.472000481,"remaining_time":3.692913486},
{"learn":[15160.99561],"iteration":285,"passed_time":1.476934626,"remaining_time":3.687172457},
{"learn":[15145.82933],"iteration":286,"passed_time":1.481750834,"remaining_time":3.681144058},
{"learn":[15140.44516],"iteration":287,"passed_time":1.486678195,"remaining_time":3.67539887},
{"learn":[15116.38124],"iteration":288,"passed_time":1.491699942,"remaining_time":3.669891553},
{"learn":[15100.14984],"iteration":289,"passed_time":1.496333879,"remaining_time":3.663438116},
{"learn":[15071.05123],"iteration":290,"passed_time":1.501221026,"remaining_time":3.657614116},
{"learn":[15040.48523],"iteration":291,"passed_time":1.505910359,"remaining_time":3.651316898},
{"learn":[14991.17504],"iteration":292,"passed_time":1.510736699,"remaining_time":3.645361249},
{"learn":[14961.13],"iteration":293,"passed_time":1.515470972,"remaining_time":3.639192197},
{"learn":[14935.01351],"iteration":294,"passed_time":1.520568453,"remaining_time":3.633900878},
{"learn":[14929.8715],"iteration":295,"passed_time":1.525365449,"remaining_time":3.627896203},
{"learn":[14924.8281],"iteration":296,"passed_time":1.529957083,"remaining_time":3.621413566},
{"learn":[14902.19632],"iteration":297,"passed_time":1.534503091,"remaining_time":3.61483614},
{"learn":[14862.2856],"iteration":298,"passed_time":1.539270367,"remaining_time":3.60879106},
{"learn":[14847.34639],"iteration":299,"passed_time":1.544076679,"remaining_time":3.602845585},
{"learn":[14821.26573],"iteration":300,"passed_time":1.549565194,"remaining_time":3.59849193},
{"learn":[14792.2645],"iteration":301,"passed_time":1.554699435,"remaining_time":3.59331194},
{"learn":[14774.17341],"iteration":302,"passed_time":1.560194201,"remaining_time":3.588961577},
{"learn":[14741.24759],"iteration":303,"passed_time":1.564983445,"remaining_time":3.582988413},
{"learn":[14735.85272],"iteration":304,"passed_time":1.569528614,"remaining_time":3.576466842},
{"learn":[14731.14874],"iteration":305,"passed_time":1.574029034,"remaining_time":3.569856698},
{"learn":[14697.45972],"iteration":306,"passed_time":1.57874649,"remaining_time":3.56375022},
{"learn":[14669.01244],"iteration":307,"passed_time":1.583261842,"remaining_time":3.557198684},
{"learn":[14642.8633],"iteration":308,"passed_time":1.58791703,"remaining_time":3.550973034},
{"learn":[14637.71515],"iteration":309,"passed_time":1.592478934,"remaining_time":3.544549885},
{"learn":[14624.60918],"iteration":310,"passed_time":1.597396266,"remaining_time":3.538926133},
{"learn":[14598.88991],"iteration":311,"passed_time":1.60222915,"remaining_time":3.53312069},
{"learn":[14567.95287],"iteration":312,"passed_time":1.607294932,"remaining_time":3.527832647},
{"learn":[14534.48884],"iteration":313,"passed_time":1.612112782,"remaining_time":3.522004357},
{"learn":[14525.82414],"iteration":314,"passed_time":1.616743821,"remaining_time":3.515776246},
{"learn":[14505.14612],"iteration":315,"passed_time":1.621519639,"remaining_time":3.509871624},
{"learn":[14490.17875],"iteration":316,"passed_time":1.626310732,"remaining_time":3.504007034},
{"learn":[14485.87318],"iteration":317,"passed_time":1.631211147,"remaining_time":3.498383656},
{"learn":[14457.95905],"iteration":318,"passed_time":1.635954718,"remaining_time":3.492429977},
{"learn":[14430.1867],"iteration":319,"passed_time":1.640830388,"remaining_time":3.486764575},
{"learn":[14423.64197],"iteration":320,"passed_time":1.645883664,"remaining_time":3.481479775},
{"learn":[14414.29924],"iteration":321,"passed_time":1.650993265,"remaining_time":3.47631501},
{"learn":[14384.42505],"iteration":322,"passed_time":1.655999831,"remaining_time":3.470934629},
{"learn":[14357.30701],"iteration":323,"passed_time":1.660767372,"remaining_time":3.465057851},
{"learn":[14338.22757],"iteration":324,"passed_time":1.665677803,"remaining_time":3.459484669},
{"learn":[14334.16838],"iteration":325,"passed_time":1.670750431,"remaining_time":3.454250891},
{"learn":[14308.68552],"iteration":326,"passed_time":1.675947102,"remaining_time":3.449273394},
{"learn":[14282.38015],"iteration":327,"passed_time":1.680906139,"remaining_time":3.4438077},
{"learn":[14259.3778],"iteration":328,"passed_time":1.686448397,"remaining_time":3.439534573},
{"learn":[14250.42117],"iteration":329,"passed_time":1.691213644,"remaining_time":3.433676187},
{"learn":[14219.30121],"iteration":330,"passed_time":1.696216461,"remaining_time":3.428304569},
{"learn":[14186.22197],"iteration":331,"passed_time":1.700890609,"remaining_time":3.422273876},
{"learn":[14159.96915],"iteration":332,"passed_time":1.705810655,"remaining_time":3.416743864},
{"learn":[14139.3864],"iteration":333,"passed_time":1.710686652,"remaining_time":3.411129672},
{"learn":[14099.87158],"iteration":334,"passed_time":1.715533852,"remaining_time":3.405462721},
{"learn":[14096.07853],"iteration":335,"passed_time":1.720380959,"remaining_time":3.399800466},
{"learn":[14062.59213],"iteration":336,"passed_time":1.725188496,"remaining_time":3.394065202},
{"learn":[14050.8134],"iteration":337,"passed_time":1.729993589,"remaining_time":3.388330639},
{"learn":[14024.04566],"iteration":338,"passed_time":1.734869786,"remaining_time":3.382740201},
{"learn":[13998.10589],"iteration":339,"passed_time":1.739856158,"remaining_time":3.377367836},
{"learn":[13978.49475],"iteration":340,"passed_time":1.744807857,"remaining_time":3.371930728},
{"learn":[13954.34105],"iteration":341,"passed_time":1.749564483,"remaining_time":3.366121141},
{"learn":[13928.80216],"iteration":342,"passed_time":1.754972278,"remaining_time":3.361564976},
{"learn":[13910.70539],"iteration":343,"passed_time":1.759936348,"remaining_time":3.356157686},
{"learn":[13887.65825],"iteration":344,"passed_time":1.764716719,"remaining_time":3.350404205},
{"learn":[13863.25781],"iteration":345,"passed_time":1.76961331,"remaining_time":3.344876025},
{"learn":[13826.63328],"iteration":346,"passed_time":1.774348185,"remaining_time":3.339047161},
{"learn":[13800.08387],"iteration":347,"passed_time":1.779290025,"remaining_time":3.333612345},
{"learn":[13778.497],"iteration":348,"passed_time":1.783938265,"remaining_time":3.327632694},
{"learn":[13771.71104],"iteration":349,"passed_time":1.788610742,"remaining_time":3.321705663},
{"learn":[13743.16355],"iteration":350,"passed_time":1.793515352,"remaining_time":3.316214995},
{"learn":[13719.85493],"iteration":351,"passed_time":1.798492078,"remaining_time":3.310860416},
{"learn":[13686.59852],"iteration":352,"passed_time":1.803285115,"remaining_time":3.305171302},
{"learn":[13665.76875],"iteration":353,"passed_time":1.808005792,"remaining_time":3.299355202},
{"learn":[13636.78661],"iteration":354,"passed_time":1.812935652,"remaining_time":3.293925339},
{"learn":[13607.89164],"iteration":355,"passed_time":1.81832393,"remaining_time":3.289327559},
{"learn":[13590.07227],"iteration":356,"passed_time":1.823399159,"remaining_time":3.28416151},
{"learn":[13563.02317],"iteration":357,"passed_time":1.828297319,"remaining_time":3.278678432},
{"learn":[13538.42572],"iteration":358,"passed_time":1.833097527,"remaining_time":3.273023718},
{"learn":[13529.07638],"iteration":359,"passed_time":1.837733875,"remaining_time":3.267082444},
{"learn":[13508.57438],"iteration":360,"passed_time":1.842594644,"remaining_time":3.261545644},
{"learn":[13492.20021],"iteration":361,"passed_time":1.847845509,"remaining_time":3.256700097},
{"learn":[13480.75302],"iteration":362,"passed_time":1.852629382,"remaining_time":3.251032828},
{"learn":[13466.66274],"iteration":363,"passed_time":1.857360853,"remaining_time":3.245278852},
{"learn":[13460.8046],"iteration":364,"passed_time":1.862686499,"remaining_time":3.240564184},
{"learn":[13427.33491],"iteration":365,"passed_time":1.867692323,"remaining_time":3.235292166},
{"learn":[13401.5575],"iteration":366,"passed_time":1.872389575,"remaining_time":3.229489376},
{"learn":[13374.12161],"iteration":367,"passed_time":1.877114304,"remaining_time":3.223739783},
{"learn":[13351.40205],"iteration":368,"passed_time":1.882270837,"remaining_time":3.218734141},
{"learn":[13339.02486],"iteration":369,"passed_time":1.887236707,"remaining_time":3.213403042},
{"learn":[13314.09339],"iteration":370,"passed_time":1.892239243,"remaining_time":3.208136075},
{"learn":[13278.19085],"iteration":371,"passed_time":1.896946933,"remaining_time":3.202372779},
{"learn":[13242.14087],"iteration":372,"passed_time":1.901743783,"remaining_time":3.196765019},
{"learn":[13226.37162],"iteration":373,"passed_time":1.906474678,"remaining_time":3.1910512},
{"learn":[13217.40332],"iteration":374,"passed_time":1.911304411,"remaining_time":3.185507351},
{"learn":[13190.94103],"iteration":375,"passed_time":1.91621577,"remaining_time":3.180102767},
{"learn":[13185.67887],"iteration":376,"passed_time":1.921037751,"remaining_time":3.1745531},
{"learn":[13164.53113],"iteration":377,"passed_time":1.925694655,"remaining_time":3.168735649},
{"learn":[13144.68875],"iteration":378,"passed_time":1.930390341,"remaining_time":3.162987868},
{"learn":[13132.28626],"iteration":379,"passed_time":1.935060448,"remaining_time":3.157203888},
{"learn":[13129.15031],"iteration":380,"passed_time":1.939902129,"remaining_time":3.151704508},
{"learn":[13116.98212],"iteration":381,"passed_time":1.944815462,"remaining_time":3.14632449},
{"learn":[13113.99561],"iteration":382,"passed_time":1.949441145,"remaining_time":3.140483515},
{"learn":[13089.66371],"iteration":383,"passed_time":1.954265155,"remaining_time":3.13496702},
{"learn":[13086.65245],"iteration":384,"passed_time":1.958838267,"remaining_time":3.129053335},
{"learn":[13074.89116],"iteration":385,"passed_time":1.963651689,"remaining_time":3.123528853},
{"learn":[13054.02704],"iteration":386,"passed_time":1.968440665,"remaining_time":3.117969322},
{"learn":[13028.75104],"iteration":387,"passed_time":1.973179936,"remaining_time":3.112335363},
{"learn":[12997.7722],"iteration":388,"passed_time":1.978093761,"remaining_time":3.106980175},
{"learn":[12972.84761],"iteration":389,"passed_time":1.982857735,"remaining_time":3.101392868},
{"learn":[12967.17286],"iteration":390,"passed_time":1.987414767,"remaining_time":3.095487451},
{"learn":[12929.04462],"iteration":391,"passed_time":1.992465576,"remaining_time":3.090354771},
{"learn":[12906.00424],"iteration":392,"passed_time":1.997362141,"remaining_time":3.084984274},
{"learn":[12899.93695],"iteration":393,"passed_time":2.001958039,"remaining_time":3.079153736},
{"learn":[12876.40276],"iteration":394,"passed_time":2.006715543,"remaining_time":3.073576971},
{"learn":[12848.10349],"iteration":395,"passed_time":2.011483384,"remaining_time":3.068020111},
{"learn":[12831.11457],"iteration":396,"passed_time":2.016273609,"remaining_time":3.062501225},
{"learn":[12820.02985],"iteration":397,"passed_time":2.021121904,"remaining_time":3.057073835},
{"learn":[12792.21173],"iteration":398,"passed_time":2.025941877,"remaining_time":3.051606687},
{"learn":[12773.12165],"iteration":399,"passed_time":2.030725983,"remaining_time":3.046088974},
{"learn":[12756.07267],"iteration":400,"passed_time":2.035589116,"remaining_time":3.040692969},
{"learn":[12734.61953],"iteration":401,"passed_time":2.040488286,"remaining_time":3.035353221},
{"learn":[12714.79477],"iteration":402,"passed_time":2.045426823,"remaining_time":3.030073979},
{"learn":[12687.65657],"iteration":403,"passed_time":2.050326537,"remaining_time":3.024739148},
{"learn":[12681.2644],"iteration":404,"passed_time":2.054968327,"remaining_time":3.019027543},
{"learn":[12662.13397],"iteration":405,"passed_time":2.059886894,"remaining_time":3.013726146},
{"learn":[12642.17745],"iteration":406,"passed_time":2.064692253,"remaining_time":3.008261685},
{"learn":[12621.3884],"iteration":407,"passed_time":2.069466756,"remaining_time":3.002755685},
{"learn":[12607.34542],"iteration":408,"passed_time":2.074393862,"remaining_time":2.997473772},
{"learn":[12589.02563],"iteration":409,"passed_time":2.079316519,"remaining_time":2.992187186},
{"learn":[12557.58862],"iteration":410,"passed_time":2.084216937,"remaining_time":2.986870501},
{"learn":[12536.81141],"iteration":411,"passed_time":2.088879532,"remaining_time":2.981216419},
{"learn":[12521.03036],"iteration":412,"passed_time":2.094145443,"remaining_time":2.976424636},
{"learn":[12506.79933],"iteration":413,"passed_time":2.099008495,"remaining_time":2.971060334},
{"learn":[12483.12764],"iteration":414,"passed_time":2.1039733,"remaining_time":2.96584188},
{"learn":[12461.1137],"iteration":415,"passed_time":2.109156633,"remaining_time":2.960931427},
{"learn":[12428.55833],"iteration":416,"passed_time":2.114358617,"remaining_time":2.956045741},
{"learn":[12412.0848],"iteration":417,"passed_time":2.119508355,"remaining_time":2.951085795},
{"learn":[12393.36973],"iteration":418,"passed_time":2.124388493,"remaining_time":2.945751108},
{"learn":[12376.77801],"iteration":419,"passed_time":2.12926603,"remaining_time":2.940414994},
{"learn":[12349.89412],"iteration":420,"passed_time":2.134157355,"remaining_time":2.935100021},
{"learn":[12320.49287],"iteration":421,"passed_time":2.139415489,"remaining_time":2.930289461},
{"learn":[12301.2415],"iteration":422,"passed_time":2.144543715,"remaining_time":2.925299583},
{"learn":[12279.77248],"iteration":423,"passed_time":2.149915121,"remaining_time":2.920639409},
{"learn":[12264.17373],"iteration":424,"passed_time":2.155429797,"remaining_time":2.916169725},
{"learn":[12246.9439],"iteration":425,"passed_time":2.160651353,"remaining_time":2.91130018},
{"learn":[12239.61469],"iteration":426,"passed_time":2.16578008,"remaining_time":2.906304417},
{"learn":[12219.7818],"iteration":427,"passed_time":2.170945302,"remaining_time":2.901356806},
{"learn":[12199.63977],"iteration":428,"passed_time":2.17577009,"remaining_time":2.895955061},
{"learn":[12191.20877],"iteration":429,"passed_time":2.180360901,"remaining_time":2.890245846},
{"learn":[12172.19957],"iteration":430,"passed_time":2.185189727,"remaining_time":2.884856043},
{"learn":[12146.04884],"iteration":431,"passed_time":2.190287684,"remaining_time":2.879822695},
{"learn":[12130.05361],"iteration":432,"passed_time":2.195239017,"remaining_time":2.87459705},
{"learn":[12118.99409],"iteration":433,"passed_time":2.199829549,"remaining_time":2.86890213},
{"learn":[12093.69389],"iteration":434,"passed_time":2.204566161,"remaining_time":2.863402025},
{"learn":[12066.4833],"iteration":435,"passed_time":2.209190077,"remaining_time":2.857759641},
{"learn":[12056.86852],"iteration":436,"passed_time":2.213909899,"remaining_time":2.852245477},
{"learn":[12048.07449],"iteration":437,"passed_time":2.219801851,"remaining_time":2.848238904},
{"learn":[12031.03692],"iteration":438,"passed_time":2.225599229,"remaining_time":2.844102887},
{"learn":[12007.45503],"iteration":439,"passed_time":2.231625908,"remaining_time":2.840251155},
{"learn":[11998.84736],"iteration":440,"passed_time":2.236659755,"remaining_time":2.835131072},
{"learn":[11973.72516],"iteration":441,"passed_time":2.241333148,"remaining_time":2.829556327},
{"learn":[11952.256],"iteration":442,"passed_time":2.246524115,"remaining_time":2.824636415},
{"learn":[11932.12636],"iteration":443,"passed_time":2.251974087,"remaining_time":2.820039622},
{"learn":[11902.73953],"iteration":444,"passed_time":2.25768537,"remaining_time":2.815764899},
{"learn":[11894.11668],"iteration":445,"passed_time":2.263016733,"remaining_time":2.811011816},
{"learn":[11867.37844],"iteration":446,"passed_time":2.268090705,"remaining_time":2.805937718},
{"learn":[11857.46746],"iteration":447,"passed_time":2.27286917,"remaining_time":2.800499513},
{"learn":[11832.87073],"iteration":448,"passed_time":2.277844568,"remaining_time":2.795305917},
{"learn":[11828.41143],"iteration":449,"passed_time":2.283185723,"remaining_time":2.790560328},
{"learn":[11811.30968],"iteration":450,"passed_time":2.288776227,"remaining_time":2.786115629},
{"learn":[11795.31049],"iteration":451,"passed_time":2.293993596,"remaining_time":2.781213475},
{"learn":[11775.83505],"iteration":452,"passed_time":2.299059799,"remaining_time":2.776127395},
{"learn":[11753.01574],"iteration":453,"passed_time":2.303773143,"remaining_time":2.77061704},
{"learn":[11734.43032],"iteration":454,"passed_time":2.308730338,"remaining_time":2.765402273},
{"learn":[11715.98371],"iteration":455,"passed_time":2.313708807,"remaining_time":2.760214015},
{"learn":[11705.5359],"iteration":456,"passed_time":2.318565402,"remaining_time":2.754881867},
{"learn":[11689.03681],"iteration":457,"passed_time":2.324269202,"remaining_time":2.750554383},
{"learn":[11667.33311],"iteration":458,"passed_time":2.329094689,"remaining_time":2.745185679},
{"learn":[11645.75992],"iteration":459,"passed_time":2.33393936,"remaining_time":2.739841858},
{"learn":[11623.31017],"iteration":460,"passed_time":2.338760124,"remaining_time":2.734472249},
{"learn":[11598.18298],"iteration":461,"passed_time":2.343418652,"remaining_time":2.728916092},
{"learn":[11576.87912],"iteration":462,"passed_time":2.348095269,"remaining_time":2.723384793},
{"learn":[11562.54216],"iteration":463,"passed_time":2.352886942,"remaining_time":2.717990088},
{"learn":[11556.46719],"iteration":464,"passed_time":2.358225385,"remaining_time":2.713227056},
{"learn":[11543.96978],"iteration":465,"passed_time":2.363961225,"remaining_time":2.70891694},
{"learn":[11525.8031],"iteration":466,"passed_time":2.369892635,"remaining_time":2.704823928},
{"learn":[11515.07169],"iteration":467,"passed_time":2.375241408,"remaining_time":2.700060746},
{"learn":[11490.611],"iteration":468,"passed_time":2.380023097,"remaining_time":2.694653016},
{"learn":[11475.66196],"iteration":469,"passed_time":2.385067024,"remaining_time":2.689543666},
{"learn":[11466.07986],"iteration":470,"passed_time":2.390068864,"remaining_time":2.684387323},
{"learn":[11449.99335],"iteration":471,"passed_time":2.395004945,"remaining_time":2.679158074},
{"learn":[11431.90985],"iteration":472,"passed_time":2.399738387,"remaining_time":2.673704291},
{"learn":[11414.62907],"iteration":473,"passed_time":2.404422991,"remaining_time":2.668199353},
{"learn":[11407.38089],"iteration":474,"passed_time":2.409420994,"remaining_time":2.663044256},
{"learn":[11383.95805],"iteration":475,"passed_time":2.414744967,"remaining_time":2.658248662},
{"learn":[11376.7451],"iteration":476,"passed_time":2.41991023,"remaining_time":2.653276835},
{"learn":[11368.0676],"iteration":477,"passed_time":2.425203577,"remaining_time":2.648444073},
{"learn":[11347.60795],"iteration":478,"passed_time":2.430095972,"remaining_time":2.643173281},
{"learn":[11342.30498],"iteration":479,"passed_time":2.435004837,"remaining_time":2.637921906},
{"learn":[11314.08771],"iteration":480,"passed_time":2.439821349,"remaining_time":2.632572308},
{"learn":[11298.58951],"iteration":481,"passed_time":2.444584499,"remaining_time":2.627167574},
{"learn":[11291.27047],"iteration":482,"passed_time":2.44956472,"remaining_time":2.621997847},
{"learn":[11267.20028],"iteration":483,"passed_time":2.454318225,"remaining_time":2.616587199},
{"learn":[11251.49951],"iteration":484,"passed_time":2.45954695,"remaining_time":2.611683875},
{"learn":[11233.26116],"iteration":485,"passed_time":2.465064843,"remaining_time":2.607085039},
{"learn":[11230.55988],"iteration":486,"passed_time":2.470111338,"remaining_time":2.601985865},
{"learn":[11208.52595],"iteration":487,"passed_time":2.475063837,"remaining_time":2.596788288},
{"learn":[11172.21715],"iteration":488,"passed_time":2.480042821,"remaining_time":2.591619389},
{"learn":[11162.22254],"iteration":489,"passed_time":2.484878906,"remaining_time":2.586302535},
{"learn":[11140.5703],"iteration":490,"passed_time":2.4894438,"remaining_time":2.580706505},
{"learn":[11111.72336],"iteration":491,"passed_time":2.494066083,"remaining_time":2.575173923},
{"learn":[11086.03617],"iteration":492,"passed_time":2.498712536,"remaining_time":2.56966989},
{"learn":[11060.13992],"iteration":493,"passed_time":2.503452446,"remaining_time":2.564265056},
{"learn":[11045.04308],"iteration":494,"passed_time":2.508262479,"remaining_time":2.558934449},
{"learn":[11029.71616],"iteration":495,"passed_time":2.513166838,"remaining_time":2.553701787},
{"learn":[11013.40133],"iteration":496,"passed_time":2.518253924,"remaining_time":2.54865538},
{"learn":[10989.14933],"iteration":497,"passed_time":2.523501241,"remaining_time":2.543770327},
{"learn":[10971.2864],"iteration":498,"passed_time":2.528363778,"remaining_time":2.538497501},
{"learn":[10958.3368],"iteration":499,"passed_time":2.533094303,"remaining_time":2.533094303},
{"learn":[10936.35667],"iteration":500,"passed_time":2.538305464,"remaining_time":2.528172508},
{"learn":[10925.87368],"iteration":501,"passed_time":2.543767593,"remaining_time":2.523498529},
{"learn":[10904.022],"iteration":502,"passed_time":2.549004676,"remaining_time":2.518599053},
{"learn":[10886.73276],"iteration":503,"passed_time":2.554055638,"remaining_time":2.513515073},
{"learn":[10871.49746],"iteration":504,"passed_time":2.558970382,"remaining_time":2.508297701},
{"learn":[10864.52353],"iteration":505,"passed_time":2.563693377,"remaining_time":2.502894325},
{"learn":[10851.44377],"iteration":506,"passed_time":2.568347241,"remaining_time":2.49742641},
{"learn":[10838.32521],"iteration":507,"passed_time":2.573285613,"remaining_time":2.492237248},
{"learn":[10820.70486],"iteration":508,"passed_time":2.578181871,"remaining_time":2.487008445},
{"learn":[10802.51859],"iteration":509,"passed_time":2.583237987,"remaining_time":2.481934536},
{"learn":[10781.54749],"iteration":510,"passed_time":2.588071275,"remaining_time":2.476647463},
{"learn":[10769.41166],"iteration":511,"passed_time":2.592637756,"remaining_time":2.471107861},
{"learn":[10749.29275],"iteration":512,"passed_time":2.597588205,"remaining_time":2.465936561},
{"learn":[10745.05259],"iteration":513,"passed_time":2.603005345,"remaining_time":2.461207388},
{"learn":[10726.05129],"iteration":514,"passed_time":2.608857645,"remaining_time":2.456885355},
{"learn":[10709.32873],"iteration":515,"passed_time":2.614442905,"remaining_time":2.452306911},
{"learn":[10683.57997],"iteration":516,"passed_time":2.61942101,"remaining_time":2.447157346},
{"learn":[10668.0908],"iteration":517,"passed_time":2.6246191,"remaining_time":2.44221314},
{"learn":[10654.42206],"iteration":518,"passed_time":2.62944789,"remaining_time":2.436925694},
{"learn":[10639.87457],"iteration":519,"passed_time":2.635027848,"remaining_time":2.432333398},
{"learn":[10634.08926],"iteration":520,"passed_time":2.640230733,"remaining_time":2.427390635},
{"learn":[10606.05743],"iteration":521,"passed_time":2.645701532,"remaining_time":2.422692207},
{"learn":[10585.06547],"iteration":522,"passed_time":2.651102168,"remaining_time":2.417926834},
{"learn":[10567.68503],"iteration":523,"passed_time":2.656003354,"remaining_time":2.412705337},
{"learn":[10541.57007],"iteration":524,"passed_time":2.661291133,"remaining_time":2.407834835},
{"learn":[10531.54293],"iteration":525,"passed_time":2.666224172,"remaining_time":2.402643075},
{"learn":[10509.29774],"iteration":526,"passed_time":2.671197382,"remaining_time":2.397488353},
{"learn":[10490.10595],"iteration":527,"passed_time":2.676193953,"remaining_time":2.3923552},
{"learn":[10476.6126],"iteration":528,"passed_time":2.681063216,"remaining_time":2.387109215},
{"learn":[10459.7541],"iteration":529,"passed_time":2.685764824,"remaining_time":2.381715976},
{"learn":[10444.57283],"iteration":530,"passed_time":2.690784555,"remaining_time":2.376606321},
{"learn":[10426.07374],"iteration":531,"passed_time":2.695708907,"remaining_time":2.371413099},
{"learn":[10415.5634],"iteration":532,"passed_time":2.700858624,"remaining_time":2.366418344},
{"learn":[10399.44349],"iteration":533,"passed_time":2.706384467,"remaining_time":2.361751239},
{"learn":[10377.74868],"iteration":534,"passed_time":2.712550014,"remaining_time":2.357636928},
{"learn":[10365.15685],"iteration":535,"passed_time":2.717756859,"remaining_time":2.352685042},
{"learn":[10358.7173],"iteration":536,"passed_time":2.723193161,"remaining_time":2.347930044},
{"learn":[10342.52151],"iteration":537,"passed_time":2.728456022,"remaining_time":2.343023573},
{"learn":[10325.78588],"iteration":538,"passed_time":2.733257467,"remaining_time":2.337721136},
{"learn":[10313.38658],"iteration":539,"passed_time":2.73947852,"remaining_time":2.333629851},
{"learn":[10293.09577],"iteration":540,"passed_time":2.745351351,"remaining_time":2.329235249},
{"learn":[10270.62058],"iteration":541,"passed_time":2.750825342,"remaining_time":2.324498167},
{"learn":[10258.53788],"iteration":542,"passed_time":2.755960466,"remaining_time":2.319473173},
{"learn":[10233.69849],"iteration":543,"passed_time":2.760720644,"remaining_time":2.314133481},
{"learn":[10219.5022],"iteration":544,"passed_time":2.765469844,"remaining_time":2.308786751},
{"learn":[10204.1251],"iteration":545,"passed_time":2.770646465,"remaining_time":2.30379761},
{"learn":[10188.77159],"iteration":546,"passed_time":2.775632505,"remaining_time":2.298649954},
{"learn":[10169.83413],"iteration":547,"passed_time":2.781130393,"remaining_time":2.293925069},
{"learn":[10141.79886],"iteration":548,"passed_time":2.786163725,"remaining_time":2.288815738},
{"learn":[10121.105],"iteration":549,"passed_time":2.791062557,"remaining_time":2.283596638},
{"learn":[10101.68654],"iteration":550,"passed_time":2.79580815,"remaining_time":2.278253828},
{"learn":[10082.3969],"iteration":551,"passed_time":2.800741115,"remaining_time":2.273065253},
{"learn":[10074.0923],"iteration":552,"passed_time":2.806288023,"remaining_time":2.268373863},
{"learn":[10058.07543],"iteration":553,"passed_time":2.811745608,"remaining_time":2.263607475},
{"learn":[10049.35042],"iteration":554,"passed_time":2.817028994,"remaining_time":2.258698923},
{"learn":[10031.52048],"iteration":555,"passed_time":2.823291267,"remaining_time":2.254570724},
{"learn":[10014.64603],"iteration":556,"passed_time":2.829501276,"remaining_time":2.250393295},
{"learn":[9999.182737],"iteration":557,"passed_time":2.83541612,"remaining_time":2.245974776},
{"learn":[9987.479884],"iteration":558,"passed_time":2.840382164,"remaining_time":2.240802387},
{"learn":[9972.557674],"iteration":559,"passed_time":2.84513933,"remaining_time":2.235466617},
{"learn":[9963.167764],"iteration":560,"passed_time":2.849847811,"remaining_time":2.230094811},
{"learn":[9949.898114],"iteration":561,"passed_time":2.855730798,"remaining_time":2.225640729},
{"learn":[9935.296378],"iteration":562,"passed_time":2.861024391,"remaining_time":2.220724083},
{"learn":[9932.108508],"iteration":563,"passed_time":2.866034724,"remaining_time":2.215587127},
{"learn":[9919.70567],"iteration":564,"passed_time":2.871046452,"remaining_time":2.210451693},
{"learn":[9905.818084],"iteration":565,"passed_time":2.87589139,"remaining_time":2.205188804},
{"learn":[9879.987762],"iteration":566,"passed_time":2.881283783,"remaining_time":2.200345464},
{"learn":[9871.605067],"iteration":567,"passed_time":2.886785412,"remaining_time":2.195583271},
{"learn":[9856.372834],"iteration":568,"passed_time":2.892267327,"remaining_time":2.190803546},
{"learn":[9854.353669],"iteration":569,"passed_time":2.897784944,"remaining_time":2.186048291},
{"learn":[9844.661097],"iteration":570,"passed_time":2.903354519,"remaining_time":2.181329402},
{"learn":[9825.804005],"iteration":571,"passed_time":2.908846906,"remaining_time":2.176549783},
{"learn":[9807.34068],"iteration":572,"passed_time":2.91454315,"remaining_time":2.17191959},
{"learn":[9792.482819],"iteration":573,"passed_time":2.919516958,"remaining_time":2.166749519},
{"learn":[9757.407485],"iteration":574,"passed_time":2.924684477,"remaining_time":2.161723309},
{"learn":[9746.625866],"iteration":575,"passed_time":2.929640519,"remaining_time":2.156540938},
{"learn":[9734.591072],"iteration":576,"passed_time":2.935196868,"remaining_time":2.151799437},
{"learn":[9717.399555],"iteration":577,"passed_time":2.941555814,"remaining_time":2.147641096},
{"learn":[9706.890646],"iteration":578,"passed_time":2.947104301,"remaining_time":2.142885856},
{"learn":[9692.935486],"iteration":579,"passed_time":2.953378235,"remaining_time":2.138653205},
{"learn":[9675.502021],"iteration":580,"passed_time":2.958348284,"remaining_time":2.133473203},
{"learn":[9660.619047],"iteration":581,"passed_time":2.963287905,"remaining_time":2.128272069},
{"learn":[9643.261764],"iteration":582,"passed_time":2.968061766,"remaining_time":2.12295327},
{"learn":[9641.730871],"iteration":583,"passed_time":2.972838293,"remaining_time":2.117638236},
{"learn":[9634.305392],"iteration":584,"passed_time":2.977748271,"remaining_time":2.112419713},
{"learn":[9618.166689],"iteration":585,"passed_time":2.982787384,"remaining_time":2.107293476},
{"learn":[9602.463543],"iteration":586,"passed_time":2.987870998,"remaining_time":2.102198845},
{"learn":[9590.307607],"iteration":587,"passed_time":2.992879331,"remaining_time":2.097051504},
{"learn":[9570.43461],"iteration":588,"passed_time":2.998163322,"remaining_time":2.092096987},
{"learn":[9553.979692],"iteration":589,"passed_time":3.003750442,"remaining_time":2.087352002},
{"learn":[9549.390355],"iteration":590,"passed_time":3.00966689,"remaining_time":2.082832078},
{"learn":[9542.491146],"iteration":591,"passed_time":3.015050501,"remaining_time":2.07794021},
{"learn":[9536.317677],"iteration":592,"passed_time":3.020022886,"remaining_time":2.072764443},
{"learn":[9534.848129],"iteration":593,"passed_time":3.026144241,"remaining_time":2.068374683},
{"learn":[9518.398196],"iteration":594,"passed_time":3.031800119,"remaining_time":2.063662266},
{"learn":[9502.082595],"iteration":595,"passed_time":3.036923934,"remaining_time":2.058586023},
{"learn":[9485.754086],"iteration":596,"passed_time":3.041995226,"remaining_time":2.053474164},
{"learn":[9468.746285],"iteration":597,"passed_time":3.04679818,"remaining_time":2.048182054},
{"learn":[9456.941094],"iteration":598,"passed_time":3.051715586,"remaining_time":2.042968197},
{"learn":[9444.185957],"iteration":599,"passed_time":3.05632291,"remaining_time":2.037548607},
{"learn":[9430.173213],"iteration":600,"passed_time":3.062086929,"remaining_time":2.032899642},
{"learn":[9422.603243],"iteration":601,"passed_time":3.067655164,"remaining_time":2.028117534},
{"learn":[9404.066532],"iteration":602,"passed_time":3.073172583,"remaining_time":2.023299362},
{"learn":[9399.622622],"iteration":603,"passed_time":3.078181758,"remaining_time":2.018145656},
{"learn":[9394.008251],"iteration":604,"passed_time":3.083144818,"remaining_time":2.012962319},
{"learn":[9378.530004],"iteration":605,"passed_time":3.088047582,"remaining_time":2.007740507},
{"learn":[9360.895585],"iteration":606,"passed_time":3.093440738,"remaining_time":2.002837249},
{"learn":[9343.18223],"iteration":607,"passed_time":3.099206154,"remaining_time":1.998172389},
{"learn":[9331.63257],"iteration":608,"passed_time":3.104463988,"remaining_time":1.993178028},
{"learn":[9317.736573],"iteration":609,"passed_time":3.109661247,"remaining_time":1.988144076},
{"learn":[9302.966941],"iteration":610,"passed_time":3.114436032,"remaining_time":1.982840616},
{"learn":[9300.802601],"iteration":611,"passed_time":3.119298384,"remaining_time":1.977594401},
{"learn":[9287.098581],"iteration":612,"passed_time":3.124069058,"remaining_time":1.972291559},
{"learn":[9273.505024],"iteration":613,"passed_time":3.12875548,"remaining_time":1.966937484},
{"learn":[9271.191065],"iteration":614,"passed_time":3.13362025,"remaining_time":1.96169723},
{"learn":[9259.342945],"iteration":615,"passed_time":3.138831011,"remaining_time":1.956673877},
{"learn":[9257.986792],"iteration":616,"passed_time":3.144137421,"remaining_time":1.951709291},
{"learn":[9243.265163],"iteration":617,"passed_time":3.149308386,"remaining_time":1.946659876},
{"learn":[9226.251355],"iteration":618,"passed_time":3.154400347,"remaining_time":1.941561441},
{"learn":[9211.376029],"iteration":619,"passed_time":3.159360347,"remaining_time":1.936382148},
{"learn":[9201.037858],"iteration":620,"passed_time":3.164618841,"remaining_time":1.931385734},
{"learn":[9189.690609],"iteration":621,"passed_time":3.169787145,"remaining_time":1.926333667},
{"learn":[9165.656488],"iteration":622,"passed_time":3.174681287,"remaining_time":1.921115321},
{"learn":[9154.303838],"iteration":623,"passed_time":3.17982215,"remaining_time":1.91604668},
{"learn":[9142.358922],"iteration":624,"passed_time":3.184809572,"remaining_time":1.910885743},
{"learn":[9130.816136],"iteration":625,"passed_time":3.189610396,"remaining_time":1.905613879},
{"learn":[9112.941347],"iteration":626,"passed_time":3.194520805,"remaining_time":1.900408708},
{"learn":[9107.134763],"iteration":627,"passed_time":3.199458475,"remaining_time":1.895220625},
{"learn":[9097.85018],"iteration":628,"passed_time":3.204195747,"remaining_time":1.889915138},
{"learn":[9081.533337],"iteration":629,"passed_time":3.209162142,"remaining_time":1.88474602},
{"learn":[9068.05258],"iteration":630,"passed_time":3.214778883,"remaining_time":1.879957857},
{"learn":[9050.29213],"iteration":631,"passed_time":3.219926991,"remaining_time":1.874894197},
{"learn":[9040.470134],"iteration":632,"passed_time":3.224736961,"remaining_time":1.869634225},
{"learn":[9030.771698],"iteration":633,"passed_time":3.22967216,"remaining_time":1.864447966},
{"learn":[9016.712255],"iteration":634,"passed_time":3.234527809,"remaining_time":1.859216772},
{"learn":[9004.905448],"iteration":635,"passed_time":3.239323846,"remaining_time":1.853952641},
{"learn":[8990.14938],"iteration":636,"passed_time":3.244249932,"remaining_time":1.84876409},
{"learn":[8977.444562],"iteration":637,"passed_time":3.248939847,"remaining_time":1.843442358},
{"learn":[8957.363839],"iteration":638,"passed_time":3.253725166,"remaining_time":1.838176502},
{"learn":[8943.719781],"iteration":639,"passed_time":3.258570417,"remaining_time":1.83294586},
{"learn":[8930.777688],"iteration":640,"passed_time":3.263396793,"remaining_time":1.827705848},
{"learn":[8925.516007],"iteration":641,"passed_time":3.268239979,"remaining_time":1.822476499},
{"learn":[8918.805407],"iteration":642,"passed_time":3.272987757,"remaining_time":1.81719538},
{"learn":[8891.43951],"iteration":643,"passed_time":3.277717743,"remaining_time":1.811906082},
{"learn":[8881.672106],"iteration":644,"passed_time":3.282485824,"remaining_time":1.806639485},
{"learn":[8860.684612],"iteration":645,"passed_time":3.287331144,"remaining_time":1.801416757},
{"learn":[8846.181405],"iteration":646,"passed_time":3.292081808,"remaining_time":1.796143552},
{"learn":[8827.023471],"iteration":647,"passed_time":3.296897928,"remaining_time":1.790907517},
{"learn":[8818.500066],"iteration":648,"passed_time":3.301599592,"remaining_time":1.785610873},
{"learn":[8804.072753],"iteration":649,"passed_time":3.306278859,"remaining_time":1.780304001},
{"learn":[8798.846362],"iteration":650,"passed_time":3.310829553,"remaining_time":1.774930129},
{"learn":[8790.763754],"iteration":651,"passed_time":3.315564844,"remaining_time":1.769657309},
{"learn":[8789.508682],"iteration":652,"passed_time":3.320046386,"remaining_time":1.764251295},
{"learn":[8788.283049],"iteration":653,"passed_time":3.324783851,"remaining_time":1.758983505},
{"learn":[8770.968437],"iteration":654,"passed_time":3.329582794,"remaining_time":1.753749716},
{"learn":[8756.373444],"iteration":655,"passed_time":3.334373758,"remaining_time":1.748513068},
{"learn":[8740.889469],"iteration":656,"passed_time":3.339310515,"remaining_time":1.743353891},
{"learn":[8729.871087],"iteration":657,"passed_time":3.344165094,"remaining_time":1.738152678},
{"learn":[8727.216233],"iteration":658,"passed_time":3.349038084,"remaining_time":1.732962043},
{"learn":[8718.927562],"iteration":659,"passed_time":3.353878687,"remaining_time":1.727755687},
{"learn":[8711.891567],"iteration":660,"passed_time":3.358503716,"remaining_time":1.722439879},
{"learn":[8710.680062],"iteration":661,"passed_time":3.363005104,"remaining_time":1.717063029},
{"learn":[8690.266044],"iteration":662,"passed_time":3.367846956,"remaining_time":1.711861877},
{"learn":[8689.073596],"iteration":663,"passed_time":3.372549599,"remaining_time":1.706591364},
{"learn":[8680.794165],"iteration":664,"passed_time":3.377274973,"remaining_time":1.701334009},
{"learn":[8665.707907],"iteration":665,"passed_time":3.382312884,"remaining_time":1.69623499},
{"learn":[8647.340154],"iteration":666,"passed_time":3.387030588,"remaining_time":1.690976291},
{"learn":[8633.388514],"iteration":667,"passed_time":3.391762574,"remaining_time":1.685726309},
{"learn":[8614.774035],"iteration":668,"passed_time":3.396392554,"remaining_time":1.680427407},
{"learn":[8598.029796],"iteration":669,"passed_time":3.401095595,"remaining_time":1.675166487},
{"learn":[8581.458385],"iteration":670,"passed_time":3.405818846,"remaining_time":1.669917139},
{"learn":[8566.477967],"iteration":671,"passed_time":3.410766719,"remaining_time":1.664778994},
{"learn":[8561.866369],"iteration":672,"passed_time":3.415568866,"remaining_time":1.659570608},
{"learn":[8552.764038],"iteration":673,"passed_time":3.420197298,"remaining_time":1.654279405},
{"learn":[8538.769591],"iteration":674,"passed_time":3.424949698,"remaining_time":1.649049855},
{"learn":[8537.183089],"iteration":675,"passed_time":3.429467846,"remaining_time":1.643709441},
{"learn":[8513.599353],"iteration":676,"passed_time":3.434409611,"remaining_time":1.638573566},
{"learn":[8501.33441],"iteration":677,"passed_time":3.43948064,"remaining_time":1.633499655},
{"learn":[8498.429708],"iteration":678,"passed_time":3.444828078,"remaining_time":1.628556426},
{"learn":[8488.38906],"iteration":679,"passed_time":3.449776242,"remaining_time":1.623424114},
{"learn":[8486.40396],"iteration":680,"passed_time":3.454456838,"remaining_time":1.618167006},
{"learn":[8474.030773],"iteration":681,"passed_time":3.459224223,"remaining_time":1.612952057},
{"learn":[8464.130609],"iteration":682,"passed_time":3.464048132,"remaining_time":1.607764653},
{"learn":[8462.989986],"iteration":683,"passed_time":3.468706676,"remaining_time":1.602501915},
{"learn":[8444.120227],"iteration":684,"passed_time":3.473436309,"remaining_time":1.597273631},
{"learn":[8434.488561],"iteration":685,"passed_time":3.478439879,"remaining_time":1.59217219},
{"learn":[8432.882721],"iteration":686,"passed_time":3.483089433,"remaining_time":1.586909742},
{"learn":[8429.835272],"iteration":687,"passed_time":3.487742661,"remaining_time":1.581650742},
{"learn":[8417.042218],"iteration":688,"passed_time":3.49231542,"remaining_time":1.576357178},
{"learn":[8401.273896],"iteration":689,"passed_time":3.497127796,"remaining_time":1.571173358},
{"learn":[8389.091424],"iteration":690,"passed_time":3.502080056,"remaining_time":1.566053165},
{"learn":[8382.842587],"iteration":691,"passed_time":3.506821399,"remaining_time":1.560839582},
{"learn":[8370.375301],"iteration":692,"passed_time":3.511675549,"remaining_time":1.555677336},
{"learn":[8365.526237],"iteration":693,"passed_time":3.516332756,"remaining_time":1.55042914},
{"learn":[8344.113104],"iteration":694,"passed_time":3.521846168,"remaining_time":1.54555839},
{"learn":[8331.759556],"iteration":695,"passed_time":3.527098672,"remaining_time":1.540571834},
{"learn":[8316.797067],"iteration":696,"passed_time":3.532330687,"remaining_time":1.535575607},
{"learn":[8304.874872],"iteration":697,"passed_time":3.537043729,"remaining_time":1.530354164},
{"learn":[8296.083167],"iteration":698,"passed_time":3.541659834,"remaining_time":1.525092432},
{"learn":[8281.56098],"iteration":699,"passed_time":3.546347105,"remaining_time":1.519863045},
{"learn":[8270.093474],"iteration":700,"passed_time":3.551021625,"remaining_time":1.514629766},
{"learn":[8257.666763],"iteration":701,"passed_time":3.555967591,"remaining_time":1.509513308},
{"learn":[8245.461837],"iteration":702,"passed_time":3.560722422,"remaining_time":1.504316585},
{"learn":[8235.811198],"iteration":703,"passed_time":3.565415507,"remaining_time":1.499095156},
{"learn":[8217.550023],"iteration":704,"passed_time":3.570287929,"remaining_time":1.493950268},
{"learn":[8216.476236],"iteration":705,"passed_time":3.574861102,"remaining_time":1.488681535},
{"learn":[8215.164604],"iteration":706,"passed_time":3.57964604,"remaining_time":1.483502532},
{"learn":[8199.216713],"iteration":707,"passed_time":3.58439821,"remaining_time":1.478311126},
{"learn":[8190.679235],"iteration":708,"passed_time":3.589080714,"remaining_time":1.473092366},
{"learn":[8184.049123],"iteration":709,"passed_time":3.593719283,"remaining_time":1.467857172},
{"learn":[8178.585266],"iteration":710,"passed_time":3.598712412,"remaining_time":1.462767774},
{"learn":[8161.983943],"iteration":711,"passed_time":3.603543647,"remaining_time":1.457613161},
{"learn":[8149.578526],"iteration":712,"passed_time":3.60930129,"remaining_time":1.452832356},
{"learn":[8136.457],"iteration":713,"passed_time":3.614522592,"remaining_time":1.447833979},
{"learn":[8123.956891],"iteration":714,"passed_time":3.619248301,"remaining_time":1.442637435},
{"learn":[8110.403837],"iteration":715,"passed_time":3.623967234,"remaining_time":1.437439517},
{"learn":[8102.21994],"iteration":716,"passed_time":3.62893143,"remaining_time":1.432339742},
{"learn":[8090.384638],"iteration":717,"passed_time":3.633661354,"remaining_time":1.427148331},
{"learn":[8076.571623],"iteration":718,"passed_time":3.638757652,"remaining_time":1.422101391},
{"learn":[8064.396027],"iteration":719,"passed_time":3.643374109,"remaining_time":1.416867709},
{"learn":[8050.154051],"iteration":720,"passed_time":3.648214283,"remaining_time":1.411722309},
{"learn":[8042.884434],"iteration":721,"passed_time":3.652826512,"remaining_time":1.406489986},
{"learn":[8031.291508],"iteration":722,"passed_time":3.657356253,"remaining_time":1.401227776},
{"learn":[8018.013767],"iteration":723,"passed_time":3.661928992,"remaining_time":1.39598398},
{"learn":[8009.32296],"iteration":724,"passed_time":3.666552934,"remaining_time":1.390761458},
{"learn":[8000.178435],"iteration":725,"passed_time":3.671066862,"remaining_time":1.385499064},
{"learn":[7989.162004],"iteration":726,"passed_time":3.675743806,"remaining_time":1.380299944},
{"learn":[7975.405565],"iteration":727,"passed_time":3.680722508,"remaining_time":1.375215003},
{"learn":[7966.729135],"iteration":728,"passed_time":3.686373037,"remaining_time":1.3703801},
{"learn":[7947.962198],"iteration":729,"passed_time":3.691380796,"remaining_time":1.365305226},
{"learn":[7936.835957],"iteration":730,"passed_time":3.696060538,"remaining_time":1.360109829},
{"learn":[7935.435101],"iteration":731,"passed_time":3.700583334,"remaining_time":1.354858379},
{"learn":[7934.334777],"iteration":732,"passed_time":3.705890528,"remaining_time":1.34989464},
{"learn":[7924.926358],"iteration":733,"passed_time":3.710921784,"remaining_time":1.344829965},
{"learn":[7916.346836],"iteration":734,"passed_time":3.715951303,"remaining_time":1.339764755},
{"learn":[7906.878891],"iteration":735,"passed_time":3.721320943,"remaining_time":1.334821643},
{"learn":[7905.858748],"iteration":736,"passed_time":3.728333716,"remaining_time":1.330463728},
{"learn":[7894.685538],"iteration":737,"passed_time":3.734293079,"remaining_time":1.325724643},
{"learn":[7887.964697],"iteration":738,"passed_time":3.739455897,"remaining_time":1.320700932},
{"learn":[7874.189828],"iteration":739,"passed_time":3.744498974,"remaining_time":1.315634775},
{"learn":[7863.795417],"iteration":740,"passed_time":3.749219779,"remaining_time":1.310456036},
{"learn":[7857.426487],"iteration":741,"passed_time":3.754051442,"remaining_time":1.305317078},
{"learn":[7845.473835],"iteration":742,"passed_time":3.758615961,"remaining_time":1.300086544},
{"learn":[7835.861512],"iteration":743,"passed_time":3.763286458,"remaining_time":1.294894265},
{"learn":[7825.71624],"iteration":744,"passed_time":3.768052545,"remaining_time":1.289736106},
{"learn":[7822.417315],"iteration":745,"passed_time":3.772629319,"remaining_time":1.28451454},
{"learn":[7811.356428],"iteration":746,"passed_time":3.777250603,"remaining_time":1.279309776},
{"learn":[7802.812749],"iteration":747,"passed_time":3.781885708,"remaining_time":1.274111228},
{"learn":[7793.368076],"iteration":748,"passed_time":3.786614276,"remaining_time":1.268945505},
{"learn":[7780.620654],"iteration":749,"passed_time":3.791264945,"remaining_time":1.263754982},
{"learn":[7768.59466],"iteration":750,"passed_time":3.796044644,"remaining_time":1.258608677},
{"learn":[7755.618126],"iteration":751,"passed_time":3.801211067,"remaining_time":1.253590884},
{"learn":[7741.98093],"iteration":752,"passed_time":3.806080127,"remaining_time":1.248475154},
{"learn":[7739.067232],"iteration":753,"passed_time":3.811084651,"remaining_time":1.243404276},
{"learn":[7737.718985],"iteration":754,"passed_time":3.815960327,"remaining_time":1.238291762},
{"learn":[7736.344228],"iteration":755,"passed_time":3.820477061,"remaining_time":1.233064025},
{"learn":[7723.99026],"iteration":756,"passed_time":3.825371371,"remaining_time":1.22795937},
{"learn":[7712.032616],"iteration":757,"passed_time":3.82991559,"remaining_time":1.2227435},
{"learn":[7700.690894],"iteration":758,"passed_time":3.834637707,"remaining_time":1.217585886},
{"learn":[7683.472277],"iteration":759,"passed_time":3.839519274,"remaining_time":1.212479771},
{"learn":[7673.970322],"iteration":760,"passed_time":3.844266613,"remaining_time":1.20733209},
{"learn":[7655.343601],"iteration":761,"passed_time":3.84903628,"remaining_time":1.202192434},
{"learn":[7652.953056],"iteration":762,"passed_time":3.853798838,"remaining_time":1.19705154},
{"learn":[7639.572663],"iteration":763,"passed_time":3.858665927,"remaining_time":1.191943925},
{"learn":[7626.417766],"iteration":764,"passed_time":3.864096274,"remaining_time":1.187009966},
{"learn":[7601.850488],"iteration":765,"passed_time":3.869049081,"remaining_time":1.181928832},
{"learn":[7593.550287],"iteration":766,"passed_time":3.873819251,"remaining_time":1.17679255},
{"learn":[7584.330989],"iteration":767,"passed_time":3.878904633,"remaining_time":1.171752441},
{"learn":[7577.013995],"iteration":768,"passed_time":3.883712127,"remaining_time":1.16662874},
{"learn":[7564.539565],"iteration":769,"passed_time":3.88850902,"remaining_time":1.161502694},
{"learn":[7553.638878],"iteration":770,"passed_time":3.893890065,"remaining_time":1.156551005},
{"learn":[7540.908632],"iteration":771,"passed_time":3.898808966,"remaining_time":1.151461715},
{"learn":[7539.55216],"iteration":772,"passed_time":3.903727815,"remaining_time":1.146372851},
{"learn":[7531.272894],"iteration":773,"passed_time":3.908892648,"remaining_time":1.141356251},
{"learn":[7523.669842],"iteration":774,"passed_time":3.914126008,"remaining_time":1.136359164},
{"learn":[7520.122057],"iteration":775,"passed_time":3.919113661,"remaining_time":1.131290541},
{"learn":[7509.741531],"iteration":776,"passed_time":3.924218369,"remaining_time":1.126255722},
{"learn":[7498.322749],"iteration":777,"passed_time":3.929445212,"remaining_time":1.121255575},
{"learn":[7481.123685],"iteration":778,"passed_time":3.934374788,"remaining_time":1.116170511},
{"learn":[7474.050999],"iteration":779,"passed_time":3.939204901,"remaining_time":1.111057793},
{"learn":[7460.44582],"iteration":780,"passed_time":3.943933441,"remaining_time":1.105917316},
{"learn":[7444.365999],"iteration":781,"passed_time":3.948754891,"remaining_time":1.100803793},
{"learn":[7434.448636],"iteration":782,"passed_time":3.953536281,"remaining_time":1.095679914},
{"learn":[7416.180679],"iteration":783,"passed_time":3.958325299,"remaining_time":1.090559011},
{"learn":[7413.471653],"iteration":784,"passed_time":3.9632924,"remaining_time":1.085487727},
{"learn":[7406.446936],"iteration":785,"passed_time":3.968349443,"remaining_time":1.080441197},
{"learn":[7397.904905],"iteration":786,"passed_time":3.974392142,"remaining_time":1.075661406},
{"learn":[7396.67137],"iteration":787,"passed_time":3.97975233,"remaining_time":1.070694789},
{"learn":[7384.667285],"iteration":788,"passed_time":3.985177831,"remaining_time":1.065744642},
{"learn":[7374.556244],"iteration":789,"passed_time":3.991175881,"remaining_time":1.060945487},
{"learn":[7360.051239],"iteration":790,"passed_time":3.99668509,"remaining_time":1.056014139},
{"learn":[7350.716635],"iteration":791,"passed_time":4.001745949,"remaining_time":1.050963583},
{"learn":[7343.511535],"iteration":792,"passed_time":4.006621463,"remaining_time":1.045864619},
{"learn":[7341.164896],"iteration":793,"passed_time":4.011573626,"remaining_time":1.040786105},
{"learn":[7336.217563],"iteration":794,"passed_time":4.016855221,"remaining_time":1.035792856},
{"learn":[7313.100908],"iteration":795,"passed_time":4.021988217,"remaining_time":1.030760799},
{"learn":[7305.483564],"iteration":796,"passed_time":4.027068144,"remaining_time":1.025714973},
{"learn":[7289.981428],"iteration":797,"passed_time":4.031997664,"remaining_time":1.020630988},
{"learn":[7276.840347],"iteration":798,"passed_time":4.036975202,"remaining_time":1.015559469},
{"learn":[7268.203918],"iteration":799,"passed_time":4.041742699,"remaining_time":1.010435675},
{"learn":[7267.15812],"iteration":800,"passed_time":4.046738061,"remaining_time":1.005369381},
{"learn":[7255.107359],"iteration":801,"passed_time":4.051848016,"remaining_time":1.000331555},
{"learn":[7246.500818],"iteration":802,"passed_time":4.057141118,"remaining_time":0.995338481},
{"learn":[7237.768092],"iteration":803,"passed_time":4.062007735,"remaining_time":0.9902406915},
{"learn":[7229.696626],"iteration":804,"passed_time":4.066733094,"remaining_time":0.9851092587},
{"learn":[7219.596852],"iteration":805,"passed_time":4.07180336,"remaining_time":0.9800618508},
{"learn":[7210.376317],"iteration":806,"passed_time":4.076796709,"remaining_time":0.9749959912},
{"learn":[7199.145773],"iteration":807,"passed_time":4.081811576,"remaining_time":0.9699354239},
{"learn":[7192.481827],"iteration":808,"passed_time":4.086575876,"remaining_time":0.9648158124},
{"learn":[7182.71295],"iteration":809,"passed_time":4.091518914,"remaining_time":0.9597390045},
{"learn":[7170.444389],"iteration":810,"passed_time":4.096444346,"remaining_time":0.9546584233},
{"learn":[7160.085669],"iteration":811,"passed_time":4.101146487,"remaining_time":0.9495265265},
{"learn":[7148.739363],"iteration":812,"passed_time":4.105729064,"remaining_time":0.9443681857},
{"learn":[7138.173738],"iteration":813,"passed_time":4.110462696,"remaining_time":0.9392457758},
{"learn":[7130.39991],"iteration":814,"passed_time":4.115174853,"remaining_time":0.9341194452},
{"learn":[7113.711483],"iteration":815,"passed_time":4.119715665,"remaining_time":0.9289554931},
{"learn":[7105.82086],"iteration":816,"passed_time":4.124395785,"remaining_time":0.9238242701},
{"learn":[7104.142073],"iteration":817,"passed_time":4.129040704,"remaining_time":0.918686318},
{"learn":[7096.39781],"iteration":818,"passed_time":4.134337941,"remaining_time":0.9136937329},
{"learn":[7089.482976],"iteration":819,"passed_time":4.139355786,"remaining_time":0.9086390749},
{"learn":[7081.060111],"iteration":820,"passed_time":4.144766175,"remaining_time":0.9036700917},
{"learn":[7071.978989],"iteration":821,"passed_time":4.150231305,"remaining_time":0.8987118884},
{"learn":[7061.933213],"iteration":822,"passed_time":4.155426782,"remaining_time":0.8936944598},
{"learn":[7054.534953],"iteration":823,"passed_time":4.160361576,"remaining_time":0.8886209192},
{"learn":[7049.311682],"iteration":824,"passed_time":4.165267871,"remaining_time":0.8835416695},
{"learn":[7048.262877],"iteration":825,"passed_time":4.170324161,"remaining_time":0.8784944358},
{"learn":[7037.281548],"iteration":826,"passed_time":4.175212667,"remaining_time":0.8734120815},
{"learn":[7028.21276],"iteration":827,"passed_time":4.180505668,"remaining_time":0.8684142209},
{"learn":[7015.614583],"iteration":828,"passed_time":4.186170192,"remaining_time":0.8634922833},
{"learn":[7009.157755],"iteration":829,"passed_time":4.191537777,"remaining_time":0.8585077374},
{"learn":[6996.232323],"iteration":830,"passed_time":4.196605659,"remaining_time":0.8534613193},
{"learn":[6984.276536],"iteration":831,"passed_time":4.205767539,"remaining_time":0.8492415224},
{"learn":[6976.082171],"iteration":832,"passed_time":4.210905822,"remaining_time":0.844203208},
{"learn":[6966.10714],"iteration":833,"passed_time":4.215843624,"remaining_time":0.8391247502},
{"learn":[6964.416241],"iteration":834,"passed_time":4.220837985,"remaining_time":0.8340578053},
{"learn":[6960.339803],"iteration":835,"passed_time":4.225701453,"remaining_time":0.8289653567},
{"learn":[6946.023699],"iteration":836,"passed_time":4.230769564,"remaining_time":0.8239133082},
{"learn":[6944.590644],"iteration":837,"passed_time":4.235786696,"remaining_time":0.818851366},
{"learn":[6931.117089],"iteration":838,"passed_time":4.240975753,"remaining_time":0.8138225224},
{"learn":[6923.741456],"iteration":839,"passed_time":4.24607347,"remaining_time":0.8087758991},
{"learn":[6911.89247],"iteration":840,"passed_time":4.250959622,"remaining_time":0.8036891557},
{"learn":[6900.722026],"iteration":841,"passed_time":4.256361696,"remaining_time":0.7986997007},
{"learn":[6891.055563],"iteration":842,"passed_time":4.261195603,"remaining_time":0.7936034516},
{"learn":[6889.974285],"iteration":843,"passed_time":4.26579143,"remaining_time":0.7884638189},
{"learn":[6882.825273],"iteration":844,"passed_time":4.270640649,"remaining_time":0.7833719534},
{"learn":[6876.961942],"iteration":845,"passed_time":4.275266172,"remaining_time":0.7782399415},
{"learn":[6867.961701],"iteration":846,"passed_time":4.280044517,"remaining_time":0.7731367309},
{"learn":[6866.45467],"iteration":847,"passed_time":4.284635585,"remaining_time":0.768000718},
{"learn":[6852.428263],"iteration":848,"passed_time":4.2895342,"remaining_time":0.7629206881},
{"learn":[6844.99549],"iteration":849,"passed_time":4.294304415,"remaining_time":0.7578184262},
{"learn":[6833.984114],"iteration":850,"passed_time":4.29923382,"remaining_time":0.7527448168},
{"learn":[6825.947566],"iteration":851,"passed_time":4.30418518,"remaining_time":0.7476753599},
{"learn":[6819.075232],"iteration":852,"passed_time":4.309088664,"remaining_time":0.7425979292},
{"learn":[6805.911635],"iteration":853,"passed_time":4.313893443,"remaining_time":0.7375040313},
{"learn":[6800.187757],"iteration":854,"passed_time":4.318546424,"remaining_time":0.732385066},
{"learn":[6794.142895],"iteration":855,"passed_time":4.323126385,"remaining_time":0.7272549059},
{"learn":[6784.226439],"iteration":856,"passed_time":4.327876226,"remaining_time":0.7221543761},
{"learn":[6783.387379],"iteration":857,"passed_time":4.332385874,"remaining_time":0.7170149115},
{"learn":[6776.232655],"iteration":858,"passed_time":4.337354515,"remaining_time":0.7119522546},
{"learn":[6766.143508],"iteration":859,"passed_time":4.342741983,"remaining_time":0.7069579972},
{"learn":[6757.802329],"iteration":860,"passed_time":4.347694952,"remaining_time":0.7018926809},
{"learn":[6750.27738],"iteration":861,"passed_time":4.352689836,"remaining_time":0.6968343356},
{"learn":[6749.481675],"iteration":862,"passed_time":4.357788512,"remaining_time":0.6917926142},
{"learn":[6742.592817],"iteration":863,"passed_time":4.362606385,"remaining_time":0.6867065606},
{"learn":[6733.151072],"iteration":864,"passed_time":4.367721784,"remaining_time":0.6816675617},
{"learn":[6723.203178],"iteration":865,"passed_time":4.372878577,"remaining_time":0.6766347914},
{"learn":[6720.386881],"iteration":866,"passed_time":4.37768299,"remaining_time":0.6715476789},
{"learn":[6713.913121],"iteration":867,"passed_time":4.382805539,"remaining_time":0.6665095981},
{"learn":[6705.997406],"iteration":868,"passed_time":4.387519045,"remaining_time":0.6614096604},
{"learn":[6700.330936],"iteration":869,"passed_time":4.392385813,"remaining_time":0.6563335122},
{"learn":[6693.334793],"iteration":870,"passed_time":4.397020112,"remaining_time":0.6512234149},
{"learn":[6692.533167],"iteration":871,"passed_time":4.401694339,"remaining_time":0.6461202699},
{"learn":[6677.655378],"iteration":872,"passed_time":4.406392636,"remaining_time":0.6410216091},
{"learn":[6660.771282],"iteration":873,"passed_time":4.411556318,"remaining_time":0.6359909566},
{"learn":[6641.346025],"iteration":874,"passed_time":4.416292832,"remaining_time":0.630898976},
{"learn":[6632.271024],"iteration":875,"passed_time":4.420843442,"remaining_time":0.6257814918},
{"learn":[6631.492621],"iteration":876,"passed_time":4.426151918,"remaining_time":0.6207715917},
{"learn":[6624.930614],"iteration":877,"passed_time":4.431438203,"remaining_time":0.6157579279},
{"learn":[6624.170648],"iteration":878,"passed_time":4.43635967,"remaining_time":0.6106934244},
{"learn":[6615.450676],"iteration":879,"passed_time":4.441342021,"remaining_time":0.6056375484},
{"learn":[6608.052453],"iteration":880,"passed_time":4.446287181,"remaining_time":0.6005768156},
{"learn":[6601.598042],"iteration":881,"passed_time":4.450881323,"remaining_time":0.5954693834},
{"learn":[6592.597104],"iteration":882,"passed_time":4.455620898,"remaining_time":0.590382384},
{"learn":[6583.45996],"iteration":883,"passed_time":4.460410325,"remaining_time":0.5853027124},
{"learn":[6580.015735],"iteration":884,"passed_time":4.465336469,"remaining_time":0.5802414621},
{"learn":[6579.188618],"iteration":885,"passed_time":4.470070805,"remaining_time":0.5751558372},
{"learn":[6575.733837],"iteration":886,"passed_time":4.474715471,"remaining_time":0.5700595809},
{"learn":[6569.300287],"iteration":887,"passed_time":4.479302378,"remaining_time":0.5649570567},
{"learn":[6568.572292],"iteration":888,"passed_time":4.484240712,"remaining_time":0.5598995715},
{"learn":[6560.816551],"iteration":889,"passed_time":4.488902871,"remaining_time":0.55480822},
{"learn":[6557.222026],"iteration":890,"passed_time":4.493652382,"remaining_time":0.5497285181},
{"learn":[6551.618644],"iteration":891,"passed_time":4.498553828,"remaining_time":0.5446679522},
{"learn":[6542.814894],"iteration":892,"passed_time":4.503370555,"remaining_time":0.5395975917},
{"learn":[6534.665872],"iteration":893,"passed_time":4.507999881,"remaining_time":0.5345055787},
{"learn":[6526.140532],"iteration":894,"passed_time":4.512716131,"remaining_time":0.5294247974},
{"learn":[6517.49859],"iteration":895,"passed_time":4.517724738,"remaining_time":0.5243787642},
{"learn":[6505.931863],"iteration":896,"passed_time":4.522815681,"remaining_time":0.5193422689},
{"learn":[6498.80186],"iteration":897,"passed_time":4.527784654,"remaining_time":0.5142917981},
{"learn":[6488.190123],"iteration":898,"passed_time":4.532657545,"remaining_time":0.5092307142},
{"learn":[6486.642851],"iteration":899,"passed_time":4.537250686,"remaining_time":0.5041389652},
{"learn":[6479.409755],"iteration":900,"passed_time":4.542293344,"remaining_time":0.4990977149},
{"learn":[6478.558414],"iteration":901,"passed_time":4.546865644,"remaining_time":0.4940053582},
{"learn":[6477.661629],"iteration":902,"passed_time":4.551395527,"remaining_time":0.488909597},
{"learn":[6469.028291],"iteration":903,"passed_time":4.556247462,"remaining_time":0.483849288},
{"learn":[6459.842346],"iteration":904,"passed_time":4.561033731,"remaining_time":0.4787825464},
{"learn":[6455.048192],"iteration":905,"passed_time":4.566008489,"remaining_time":0.4737359801},
{"learn":[6454.247644],"iteration":906,"passed_time":4.570738784,"remaining_time":0.4686645059},
{"learn":[6445.162995],"iteration":907,"passed_time":4.575512285,"remaining_time":0.463598161},
{"learn":[6436.086167],"iteration":908,"passed_time":4.580232245,"remaining_time":0.4585271005},
{"learn":[6427.376058],"iteration":909,"passed_time":4.585033361,"remaining_time":0.4534648379},
{"learn":[6420.172079],"iteration":910,"passed_time":4.589968029,"remaining_time":0.4484161961},
{"learn":[6413.367056],"iteration":911,"passed_time":4.595218565,"remaining_time":0.4433982826},
{"learn":[6407.740941],"iteration":912,"passed_time":4.600285875,"remaining_time":0.4383623999},
{"learn":[6399.478086],"iteration":913,"passed_time":4.605131988,"remaining_time":0.4333056357},
{"learn":[6387.053368],"iteration":914,"passed_time":4.610637725,"remaining_time":0.4283106083},
{"learn":[6377.714117],"iteration":915,"passed_time":4.615665374,"remaining_time":0.4232706238},
{"learn":[6365.090705],"iteration":916,"passed_time":4.620491221,"remaining_time":0.4182124006},
{"learn":[6354.888181],"iteration":917,"passed_time":4.625239804,"remaining_time":0.4131477821},
{"learn":[6349.914709],"iteration":918,"passed_time":4.630038475,"remaining_time":0.408088266},
{"learn":[6340.116704],"iteration":919,"passed_time":4.634773925,"remaining_time":0.4030238195},
{"learn":[6339.384698],"iteration":920,"passed_time":4.639268945,"remaining_time":0.3979394643},
{"learn":[6328.975326],"iteration":921,"passed_time":4.643887721,"remaining_time":0.3928668571},
{"learn":[6323.718912],"iteration":922,"passed_time":4.648543803,"remaining_time":0.3877983454},
{"learn":[6323.049452],"iteration":923,"passed_time":4.653174631,"remaining_time":0.3827286493},
{"learn":[6312.565338],"iteration":924,"passed_time":4.658075568,"remaining_time":0.3776818028},
{"learn":[6305.511177],"iteration":925,"passed_time":4.663196291,"remaining_time":0.3726528353},
{"learn":[6301.91378],"iteration":926,"passed_time":4.668174325,"remaining_time":0.3676124333},
{"learn":[6292.834207],"iteration":927,"passed_time":4.672972369,"remaining_time":0.3625582011},
{"learn":[6286.984762],"iteration":928,"passed_time":4.678006949,"remaining_time":0.3575225978},
{"learn":[6285.998087],"iteration":929,"passed_time":4.682667889,"remaining_time":0.3524588734},
{"learn":[6279.803532],"iteration":930,"passed_time":4.687402664,"remaining_time":0.3474014864},
{"learn":[6279.147218],"iteration":931,"passed_time":4.692158148,"remaining_time":0.3423463027},
{"learn":[6270.423815],"iteration":932,"passed_time":4.697095196,"remaining_time":0.3373047997},
{"learn":[6269.66013],"iteration":933,"passed_time":4.701773395,"remaining_time":0.3322452292},
{"learn":[6260.824961],"iteration":934,"passed_time":4.707251793,"remaining_time":0.3272421032},
{"learn":[6253.457912],"iteration":935,"passed_time":4.712074622,"remaining_time":0.3221931365},
{"learn":[6248.843585],"iteration":936,"passed_time":4.71657944,"remaining_time":0.3171232708},
{"learn":[6243.294419],"iteration":937,"passed_time":4.721102978,"remaining_time":0.3120558472},
{"learn":[6234.367687],"iteration":938,"passed_time":4.725778707,"remaining_time":0.3069994687},
{"learn":[6229.84579],"iteration":939,"passed_time":4.730703077,"remaining_time":0.3019597709},
{"learn":[6229.226343],"iteration":940,"passed_time":4.735400263,"remaining_time":0.2969060739},
{"learn":[6223.11019],"iteration":941,"passed_time":4.740144728,"remaining_time":0.2918560448},
{"learn":[6217.567302],"iteration":942,"passed_time":4.744742534,"remaining_time":0.286797799},
{"learn":[6208.605583],"iteration":943,"passed_time":4.749634981,"remaining_time":0.2817580074},
{"learn":[6202.429294],"iteration":944,"passed_time":4.754410224,"remaining_time":0.2767117061},
{"learn":[6196.433529],"iteration":945,"passed_time":4.75918876,"remaining_time":0.271666166},
{"learn":[6190.408862],"iteration":946,"passed_time":4.76412147,"remaining_time":0.2666298183},
{"learn":[6179.565909],"iteration":947,"passed_time":4.76914054,"remaining_time":0.2615984263},
{"learn":[6174.849634],"iteration":948,"passed_time":4.774008877,"remaining_time":0.2565589597},
{"learn":[6166.733272],"iteration":949,"passed_time":4.778985244,"remaining_time":0.2515255392},
{"learn":[6160.721605],"iteration":950,"passed_time":4.784079962,"remaining_time":0.2464983366},
{"learn":[6152.375136],"iteration":951,"passed_time":4.789389771,"remaining_time":0.2414818372},
{"learn":[6144.746273],"iteration":952,"passed_time":4.794579038,"remaining_time":0.2364587773},
{"learn":[6136.769708],"iteration":953,"passed_time":4.799663222,"remaining_time":0.2314303021},
{"learn":[6123.603266],"iteration":954,"passed_time":4.804644905,"remaining_time":0.2263968803},
{"learn":[6123.021863],"iteration":955,"passed_time":4.809548418,"remaining_time":0.221359969},
{"learn":[6117.024015],"iteration":956,"passed_time":4.815056131,"remaining_time":0.2163504845},
{"learn":[6111.486811],"iteration":957,"passed_time":4.819913496,"remaining_time":0.2113114476},
{"learn":[6106.960973],"iteration":958,"passed_time":4.824480275,"remaining_time":0.2062603663},
{"learn":[6105.926828],"iteration":959,"passed_time":4.829211108,"remaining_time":0.2012171295},
{"learn":[6102.363552],"iteration":960,"passed_time":4.833950416,"remaining_time":0.1961748868},
{"learn":[6096.694928],"iteration":961,"passed_time":4.839271271,"remaining_time":0.1911562456},
{"learn":[6089.931081],"iteration":962,"passed_time":4.84481871,"remaining_time":0.1861456825},
{"learn":[6081.358642],"iteration":963,"passed_time":4.849932384,"remaining_time":0.1811178069},
{"learn":[6080.27744],"iteration":964,"passed_time":4.85477681,"remaining_time":0.1760799879},
{"learn":[6069.664037],"iteration":965,"passed_time":4.86008787,"remaining_time":0.1710589934},
{"learn":[6062.771184],"iteration":966,"passed_time":4.865078508,"remaining_time":0.1660264641},
{"learn":[6056.670677],"iteration":967,"passed_time":4.870100456,"remaining_time":0.1609950564},
{"learn":[6049.563374],"iteration":968,"passed_time":4.875219,"remaining_time":0.1559667585},
{"learn":[6041.727121],"iteration":969,"passed_time":4.880407643,"remaining_time":0.1509404426},
{"learn":[6035.817122],"iteration":970,"passed_time":4.885646265,"remaining_time":0.145915285},
{"learn":[6027.198731],"iteration":971,"passed_time":4.890366206,"remaining_time":0.1408747467},
{"learn":[6014.900903],"iteration":972,"passed_time":4.895040617,"remaining_time":0.135833604},
{"learn":[6002.616231],"iteration":973,"passed_time":4.900083404,"remaining_time":0.1308030478},
{"learn":[5993.56052],"iteration":974,"passed_time":4.905605372,"remaining_time":0.1257847531},
{"learn":[5987.787674],"iteration":975,"passed_time":4.910718849,"remaining_time":0.1207553815},
{"learn":[5983.191479],"iteration":976,"passed_time":4.915944008,"remaining_time":0.1157284669},
{"learn":[5980.790392],"iteration":977,"passed_time":4.92097914,"remaining_time":0.1106968723},
{"learn":[5979.899454],"iteration":978,"passed_time":4.925953194,"remaining_time":0.1056639602},
{"learn":[5971.778786],"iteration":979,"passed_time":4.930699767,"remaining_time":0.1006265259},
{"learn":[5960.994671],"iteration":980,"passed_time":4.935438505,"remaining_time":0.09558953271},
{"learn":[5950.771118],"iteration":981,"passed_time":4.940313659,"remaining_time":0.09055564752},
{"learn":[5946.621205],"iteration":982,"passed_time":4.945028392,"remaining_time":0.08551931095},
{"learn":[5945.568467],"iteration":983,"passed_time":4.949672381,"remaining_time":0.08048247773},
{"learn":[5944.661608],"iteration":984,"passed_time":4.954360367,"remaining_time":0.07544711219},
{"learn":[5936.960281],"iteration":985,"passed_time":4.959296594,"remaining_time":0.07041597599},
{"learn":[5930.006456],"iteration":986,"passed_time":4.964291087,"remaining_time":0.06538579952},
{"learn":[5922.802618],"iteration":987,"passed_time":4.969332681,"remaining_time":0.06035626738},
{"learn":[5918.950344],"iteration":988,"passed_time":4.974150898,"remaining_time":0.05532422637},
{"learn":[5918.384883],"iteration":989,"passed_time":4.978912471,"remaining_time":0.05029204516},
{"learn":[5908.710959],"iteration":990,"passed_time":4.983610732,"remaining_time":0.04525983511},
{"learn":[5903.966106],"iteration":991,"passed_time":4.988333474,"remaining_time":0.04022849576},
{"learn":[5899.306291],"iteration":992,"passed_time":4.993037826,"remaining_time":0.03519764832},
{"learn":[5898.46001],"iteration":993,"passed_time":4.997609322,"remaining_time":0.03016665587},
{"learn":[5882.502529],"iteration":994,"passed_time":5.002282345,"remaining_time":0.02513709721},
{"learn":[5872.419371],"iteration":995,"passed_time":5.006974552,"remaining_time":0.02010833153},
{"learn":[5857.933573],"iteration":996,"passed_time":5.011966692,"remaining_time":0.01508114351},
{"learn":[5853.314095],"iteration":997,"passed_time":5.016807324,"remaining_time":0.01005372209},
{"learn":[5846.832818],"iteration":998,"passed_time":5.021791897,"remaining_time":0.005026818715},
{"learn":[5842.28453],"iteration":999,"passed_time":5.026598518,"remaining_time":0}
]}